RK,Name,Team,POS,GP,SOLO,AST,TOT,SACK,YDS,TFL,PD,INT,YDS,LNG,TD,FF,FR,FTD
1,Bobby Wagner,SEA,LB,17,96,87,183,3.5,24,11,3,0,0,0,0,0,1,0
2,Zaire Franklin,IND,LB,16,107,72,179,1.5,8,3,6,0,0,0,0,2,0,0
3,Alex Singleton,DEN,LB,17,106,71,177,2.0,21,6,4,0,0,0,0,0,2,0
4,Foyesade Oluokun,JAX,LB,17,111,62,173,2.5,13,8,6,1,24,24,1,1,2,0
5,Azeez Al-Shaair,TEN,LB,17,84,79,163,2.0,2,9,4,0,0,0,0,0,1,0
6,Roquan Smith,BAL,LB,16,84,74,158,1.5,12,5,8,1,30,30,0,1,0,0
7,T.J. Edwards,CHI,LB,17,91,64,155,2.5,4,8,7,3,4,2,0,1,2,0
8,C.J. Mosley,NYJ,LB,17,80,71,151,0.5,2,5,7,1,0,0,0,2,1,0
9,Bobby Okereke,NYG,LB,17,92,57,149,2.5,23,11,10,2,62,55,0,4,0,0
10,Robert Spillane,LV,LB,17,82,66,148,3.5,15,7,4,3,53,25,0,1,1,0
11,Ernest Jones IV,LAR,LB,15,74,71,145,4.5,20,14,6,0,0,0,0,0,0,0
12,Terrel Bernard,BUF,LB,17,84,59,143,6.5,32,10,5,3,2,2,0,0,3,0
13,Quincy Williams,NYJ,LB,17,95,44,139,2.0,10,15,10,1,11,11,0,2,1,0
14,Camryn Bynum,MIN,S,17,94,43,137,0.5,2,2,9,2,0,0,0,3,0,0
15,Logan Wilson,CIN,LB,17,78,57,135,1.0,0,5,9,4,42,26,0,3,0,0
16,Lavonte David,TB,LB,15,86,48,134,4.5,44,17,5,0,0,0,0,1,0,0
17,Patrick Queen,BAL,LB,17,84,49,133,3.5,35,9,6,1,21,21,0,1,1,0
18,Fred Warner,SF,LB,17,82,50,132,2.5,17,6,11,4,63,32,0,4,0,0
19,Jessie Bates III,ATL,S,17,89,43,132,0.0,0,3,11,6,95,92,1,3,0,0
20,Alex Anzalone,DET,LB,16,85,44,129,3.0,32,7,6,0,0,0,0,0,1,0
21,Devin Lloyd,JAX,LB,15,75,52,127,0.0,0,2,7,0,0,0,0,0,2,0
22,Frankie Luvu,CAR,LB,17,66,59,125,5.5,47,10,5,0,0,0,0,2,0,0
23,Derwin James Jr.,LAC,S,16,86,39,125,2.0,11,5,7,1,6,6,0,0,2,0
24,Julian Love,SEA,S,17,85,38,123,0.0,0,1,10,4,7,7,0,2,1,0
25,Kevin Byard III,TEN/PHI,S,16,80,42,122,0.0,0,0,3,1,0,0,0,0,1,0
26,Kaden Elliss,ATL,LB,17,82,40,122,4.0,36,11,3,0,0,0,0,0,0,0
27,Antoine Winfield Jr.,TB,S,17,76,46,122,6.0,48,6,12,3,28,28,0,6,4,0
28,Demario Davis,NO,LB,17,74,47,121,6.5,49,12,4,0,0,0,0,1,1,0
29,Cody Barton,WSH,LB,13,67,54,121,0.0,0,3,1,1,52,52,0,0,1,0
30,Dre Greenlaw,SF,LB,15,75,45,120,1.5,5,5,4,0,16,0,0,0,0,0
31,Germaine Pratt,CIN,LB,17,63,55,118,2.0,12,7,3,2,9,9,0,2,0,0
32,Quay Walker,GB,LB,14,59,59,118,2.5,17,7,3,1,37,37,1,0,0,0
33,Eric Kendricks,LAC,LB,15,79,38,117,3.5,20,7,6,0,0,0,0,1,0,0
34,Josh Metellus,MIN,S,17,78,38,116,2.5,17,7,5,1,43,43,0,4,1,0
35,Xavier McKinney,NYG,S,17,78,38,116,0.5,3,2,11,3,22,18,0,1,2,0
36,Kamren Curl,WSH,S,16,74,41,115,1.0,0,3,5,0,0,0,0,1,1,0
37,Ja'Whaun Bentley,NE,LB,16,55,59,114,4.5,14,5,3,0,0,0,0,1,0,0
38,David Long Jr.,MIA,LB,17,64,49,113,1.0,9,9,1,0,0,0,0,1,0,0
39,Tremaine Edmunds,CHI,LB,15,69,44,113,0.0,0,5,7,4,61,45,1,1,1,0
40,Reed Blankenship,PHI,S,15,79,34,113,0.0,0,2,11,3,17,17,0,0,1,0
41,Jordyn Brooks,SEA,LB,16,62,49,111,4.5,19,8,4,1,12,12,1,1,1,0
42,Jahlani Tavai,NE,LB,17,65,45,110,1.0,9,5,5,2,2,2,0,2,0,0
43,Nate Landman,ATL,LB,16,66,44,110,2.0,18,7,3,1,25,25,0,3,0,0
44,Dax Hill,CIN,S,17,72,38,110,1.5,12,6,11,2,20,20,0,0,0,0
45,Damone Clark,DAL,LB,17,70,39,109,0.0,0,4,3,0,0,0,0,0,1,0
46,Kyle Dugger,NE,S,17,71,38,109,1.5,10,6,7,2,35,20,0,1,0,0
47,Josey Jewell,DEN,LB,16,60,48,108,3.0,16,2,3,0,0,0,0,2,3,0
48,Jordan Hicks,MIN,LB,13,61,46,107,1.0,8,4,5,1,9,9,0,1,2,1
49,Kenneth Murray Jr.,LAC,LB,15,79,28,107,3.0,15,7,4,1,0,0,0,0,0,0
50,Blake Cashman,HOU,LB,14,56,50,106,2.0,16,9,5,1,0,0,0,0,1,0
51,Divine Deablo,LV,LB,15,65,41,106,1.0,7,4,2,0,0,0,0,0,1,0
52,Jaquan Brisker,CHI,S,15,66,39,105,1.0,8,3,9,1,0,0,0,2,1,0
53,Derrick Brown,CAR,DE,17,57,46,103,2.0,22,7,6,1,2,2,0,0,0,0
54,Richie Grant,ATL,S,17,66,37,103,3.0,19,3,6,1,4,4,0,2,0,0
55,E.J. Speed,IND,LB,16,78,24,102,1.0,9,12,4,0,0,0,0,3,0,0
56,Ivan Pace Jr.,MIN,LB,17,63,39,102,2.5,13,2,2,1,0,0,0,1,1,0
57,Jordan Poyer,BUF,S,16,67,34,101,1.0,4,2,4,0,0,0,0,1,0,0
58,Rayshawn Jenkins,JAX,S,17,66,35,101,1.0,8,7,9,2,42,24,0,0,0,0
59,Elandon Roberts,PIT,LB,16,68,33,101,2.5,20,10,2,0,0,0,0,0,0,0
60,Jeremiah Owusu-Koramoah,CLE,LB,16,72,29,101,3.5,35,20,6,2,8,8,0,1,0,0
61,Micah McFadden,NYG,LB,16,63,38,101,1.0,7,12,5,1,5,5,0,0,4,0
62,Christian Harris,HOU,LB,16,65,36,101,2.0,8,7,7,0,0,0,0,1,0,0
63,Taron Johnson,BUF,CB,17,72,26,98,1.0,1,3,8,0,0,0,0,3,1,0
64,Jordan Whitehead,NYJ,S,17,65,32,97,0.5,7,3,9,4,6,6,0,0,0,0
65,Quandre Diggs,SEA,S,17,63,32,95,0.0,0,1,5,1,21,21,0,0,0,0
66,Justin Reid,KC,S,16,74,21,95,3.0,16,5,7,1,11,11,0,1,0,0
67,Nicholas Morrow,PHI,LB,15,66,29,95,3.0,20,12,5,0,0,0,0,1,2,0
68,Jack Gibbens,TEN,LB,14,55,40,95,1.0,9,3,3,0,0,0,0,0,0,0
69,Jack Campbell,DET,LB,17,52,43,95,2.0,14,5,1,0,0,0,0,0,0,0
70,Jordan Fuller,LAR,S,17,61,33,94,0.0,0,1,8,3,39,21,0,3,0,0
71,Markquese Bell,DAL,S,17,60,34,94,0.0,0,3,4,0,0,0,0,2,0,0
72,Harrison Smith,MIN,S,17,60,33,93,3.0,35,2,3,0,0,0,0,3,0,0
73,Kenny Moore II,IND,CB,16,68,25,93,1.5,13,8,6,3,115,66,2,0,0,0
74,Pete Werner,NO,LB,16,60,33,93,0.5,4,4,1,1,0,0,0,0,2,0
75,Harrison Phillips,MIN,DT,17,44,48,92,3.0,7,2,2,0,0,0,0,0,0,0
76,Maxx Crosby,LV,DE,17,55,35,90,14.5,100,23,2,0,0,0,0,2,1,0
77,Kyzir White,ARI,LB,11,53,37,90,2.0,10,9,3,1,0,0,0,0,0,0
78,K'Von Wallace,ARI/TEN,S,17,62,27,89,0.0,0,1,6,1,2,2,0,0,0,0
79,Jamin Davis,WSH,LB,13,50,39,89,3.0,8,8,4,1,0,0,0,2,0,0
80,Shaquille Leonard,IND/PHI,LB,14,46,42,88,1.0,2,4,0,0,0,0,0,0,0,0
81,Donovan Wilson,DAL,S,15,55,33,88,0.0,0,2,3,2,0,0,0,1,2,0
82,Julian Blackmon,IND,S,15,65,23,88,0.0,0,5,8,4,39,25,0,0,2,0
83,Budda Baker,ARI,S,12,58,29,87,0.0,0,5,0,0,0,0,0,0,0,0
84,Isaiah McDuffie,GB,LB,16,56,30,86,0.5,5,5,1,0,0,0,0,0,0,0
85,Nate Hobbs,LV,CB,13,59,27,86,1.0,8,6,7,1,10,10,0,1,0,0
86,Roger McCreary,TEN,CB,15,62,24,86,2.0,25,7,6,1,18,18,0,1,0,0
87,Tyrique Stevenson,CHI,CB,16,65,21,86,0.0,0,1,16,4,46,34,0,2,0,0
88,Zach Cunningham,PHI,LB,13,54,31,85,0.0,0,2,4,0,0,0,0,0,1,0
89,Amani Hooker,TEN,S,13,69,16,85,0.0,0,3,7,1,10,10,0,1,1,0
90,Jason Pinnock,NYG,S,16,59,26,85,2.0,17,6,6,2,123,102,1,2,0,0
91,Mike Hilton,CIN,CB,17,64,20,84,2.0,2,12,8,2,16,16,0,0,1,0
92,Jalen Pitre,HOU,S,15,58,26,84,0.0,0,6,5,0,0,0,0,1,1,0
93,Deommodore Lenoir,SF,CB,17,58,26,84,0.0,0,1,10,3,49,28,0,0,0,0
94,Jonathan Owens,GB,S,17,58,26,84,1.0,11,2,3,0,0,0,0,1,1,1
95,Danielle Hunter,MIN,DE,17,54,29,83,16.5,120,23,2,0,0,0,0,4,0,0
96,Devin White,TB,LB,14,49,34,83,2.5,19,5,6,2,36,26,0,0,0,0
97,Tony Adams,NYJ,S,15,55,28,83,0.0,0,6,5,3,50,45,0,0,0,0
98,Tre'von Moehrig,LV,S,17,65,18,83,2.0,13,1,8,3,41,25,0,0,0,0
99,DeShon Elliott,MIA,S,15,53,29,82,0.0,0,1,7,1,0,0,0,0,1,0
100,Kerby Joseph,DET,S,15,69,13,82,0.0,0,1,11,4,37,22,0,0,0,0
101,DeForest Buckner,IND,DT,17,45,36,81,8.0,48,11,7,0,0,0,0,2,1,1
102,Michael Hoecht,LAR,LB,17,45,36,81,6.0,43,7,2,0,0,0,0,1,0,0
103,Derrick Barnes,DET,LB,16,42,39,81,1.0,12,5,0,0,0,0,0,1,0,0
104,Kyle Hamilton,BAL,S,15,63,18,81,3.0,36,10,13,4,25,18,1,1,0,0
105,Grant Delpit,CLE,S,13,63,17,80,1.5,15,7,3,1,0,0,0,0,1,0
106,Keisean Nixon,GB,CB,17,59,21,80,0.5,4,3,6,1,2,2,0,0,0,0
107,Trent McDuffie,KC,CB,16,60,20,80,3.0,24,3,7,0,0,0,0,5,0,0
108,Kendall Fuller,WSH,CB,15,55,24,79,0.0,0,2,9,2,23,23,0,0,2,0
109,Drue Tranquill,KC,LB,16,54,25,79,4.5,19,7,1,0,0,0,0,2,0,0
110,Christian Rozeboom,LAR,LB,17,48,31,79,0.0,0,2,4,1,0,0,0,0,0,0
111,Devon Witherspoon,SEA,CB,14,56,23,79,3.0,19,8,16,1,97,97,1,1,0,0
112,Jabrill Peppers,NE,S,15,52,26,78,1.0,7,5,8,2,33,32,0,1,1,0
113,Jerome Baker,MIA,LB,13,51,27,78,1.5,0,2,3,2,23,22,1,0,0,0
114,Carl Granderson,NO,DE,17,44,34,78,8.5,55,14,1,0,0,0,0,1,1,0
115,L'Jarius Sneed,KC,CB,16,60,18,78,0.0,0,5,14,2,4,4,0,0,1,0
116,Jalen Thompson,ARI,S,15,59,19,78,1.0,9,5,9,4,49,35,0,1,0,0
117,Myles Bryant,NE,CB,17,65,12,77,1.0,6,7,7,1,6,6,0,2,0,0
118,Denzel Perryman,HOU,LB,12,45,31,76,0.5,5,6,3,0,0,0,0,0,0,0
119,Ryan Neal,TB,S,15,52,24,76,0.0,0,4,0,0,0,0,0,0,0,0
120,D.J. Reed,NYJ,CB,15,62,14,76,0.0,0,2,9,1,0,0,0,1,0,0
121,Paulson Adebo,NO,CB,15,60,16,76,0.0,0,0,18,4,32,27,0,2,2,0
122,Tyrann Mathieu,NO,S,17,50,25,75,0.0,0,0,9,4,122,74,1,0,0,0
123,De'Vondre Campbell,GB,LB,11,46,29,75,0.0,0,3,1,0,0,0,0,0,1,0
124,Alontae Taylor,NO,CB,17,56,19,75,1.0,14,6,14,2,16,16,0,1,0,0
125,Khalil Mack,LAC,LB,17,57,17,74,17.0,134,21,10,0,0,0,0,5,0,0
126,Tyrel Dodson,BUF,LB,17,57,17,74,2.5,11,8,2,0,0,0,0,1,1,0
127,Brandon Stephens,BAL,CB,16,57,17,74,0.0,0,2,11,2,56,52,0,0,0,0
128,Khaleke Hudson,WSH,LB,17,44,30,74,1.0,3,5,2,0,0,0,0,0,0,0
129,Jevon Holland,MIA,S,12,52,22,74,0.0,0,3,4,1,99,99,1,3,1,0
130,Brian Branch,DET,S,15,50,24,74,1.0,6,7,13,3,63,50,1,1,0,0
131,Bradley Chubb,MIA,LB,16,45,28,73,11.0,84,11,2,0,0,0,0,6,2,0
132,Alohi Gilman,LAC,S,14,49,24,73,0.0,0,2,10,2,0,0,0,3,2,0
133,Elijah Molden,TEN,CB,15,47,26,73,0.0,0,1,4,1,44,44,1,1,1,0
134,Jayron Kearse,DAL,S,16,48,24,72,1.5,6,4,4,1,32,32,0,0,0,0
135,Charvarius Ward,SF,CB,17,56,16,72,0.0,0,2,23,5,91,66,1,1,0,0
136,Jonathon Cooper,DEN,LB,17,44,28,72,8.5,66,8,2,1,4,4,0,1,2,1
137,Rudy Ford,GB,S,13,47,24,71,0.0,0,0,6,2,30,21,0,0,1,0
138,Jordan Battle,CIN,S,17,43,28,71,2.0,12,4,5,1,0,0,0,0,0,0
139,Justin Simmons,DEN,S,15,53,17,70,1.0,15,2,8,3,39,33,0,2,1,0
140,Harold Landry III,TEN,LB,17,45,25,70,10.5,73,14,0,0,0,0,0,0,0,0
141,Vonn Bell,CAR,S,13,42,27,69,0.0,0,0,2,1,11,11,0,0,0,0
142,Andrew Van Ginkel,MIA,LB,17,42,27,69,6.0,38,8,8,1,33,33,1,0,1,0
143,DaRon Bland,DAL,CB,17,53,16,69,0.0,0,3,15,9,209,63,5,0,0,0
144,Pat Surtain II,DEN,CB,17,59,10,69,0.0,0,0,12,1,0,0,0,0,0,0
145,Stephon Gilmore,DAL,CB,17,54,14,68,0.0,0,0,13,2,0,0,0,1,0,0
146,T.J. Watt,PIT,LB,17,48,20,68,19.0,122,19,8,1,24,24,0,4,3,1
147,Geno Stone,BAL,S,17,44,24,68,0.0,0,0,9,7,101,36,0,0,0,0
148,Zyon McCollum,TB,CB,17,49,19,68,0.0,0,1,9,0,0,0,0,2,0,0
149,Isaiah Oliver,SF,CB,17,48,19,67,0.0,0,2,2,1,3,3,0,0,1,0
150,Benjamin St-Juste,WSH,CB,16,52,15,67,1.0,3,1,17,1,0,0,0,2,0,0
151,Sione Takitaki,CLE,LB,15,45,21,66,2.0,11,3,3,1,0,0,0,0,0,0
152,Marcus Epps,LV,S,17,41,25,66,0.0,0,4,3,0,0,0,0,1,1,0
153,Josh Hines-Allen,JAX,LB,17,43,23,66,17.5,127,17,1,1,8,8,0,2,0,0
154,Anfernee Jennings,NE,LB,15,49,17,66,1.5,10,14,0,0,0,0,0,0,1,0
155,Cameron Sutton,DET,CB,17,50,15,65,0.0,0,4,6,1,23,23,0,1,0,0
156,Christian Wilkins,MIA,DT,17,38,27,65,9.0,71,10,2,0,0,0,0,1,2,0
157,Akayleb Evans,MIN,CB,15,49,16,65,0.0,0,0,7,1,1,1,0,3,0,0
158,Christian Izien,TB,S,17,47,18,65,0.0,0,3,2,2,18,14,0,1,0,0
159,Jack Sanborn,CHI,LB,17,43,22,65,1.0,5,7,2,1,42,42,0,0,0,0
160,Leo Chenal,KC,LB,17,40,25,65,3.0,17,8,1,0,0,0,0,0,0,0
161,Minkah Fitzpatrick,PIT,S,10,43,21,64,0.0,0,1,3,0,0,0,0,0,0,0
162,Micah Parsons,DAL,LB,17,36,28,64,14.0,115,18,2,0,0,0,0,1,1,0
163,Percy Butler,WSH,S,15,35,29,64,0.0,0,2,8,0,0,0,0,1,0,0
164,Christian Barmore,NE,DT,17,39,25,64,8.5,61,13,6,0,0,0,0,1,0,0
165,Deonte Banks,NYG,CB,15,53,11,64,0.0,0,2,11,2,6,6,0,0,0,0
166,Steven Nelson,HOU,CB,17,48,15,63,0.0,0,0,12,4,33,33,0,0,0,0
167,Zach Sieler,MIA,DT,17,32,31,63,10.0,62,11,4,1,5,5,1,1,2,0
168,Adoree' Jackson,NYG,CB,14,49,14,63,0.0,0,0,8,1,76,76,1,1,0,0
169,Kader Kohou,MIA,CB,17,52,11,63,1.0,12,5,10,0,0,0,0,0,1,0
170,Asante Samuel Jr.,LAC,CB,17,56,7,63,0.0,0,1,13,2,8,8,0,0,0,0
171,Leonard Williams,SEA/NYG,DE,18,37,25,62,5.5,40,10,2,0,0,0,0,0,0,0
172,Michael Davis,LAC,CB,17,52,10,62,0.0,0,3,10,1,0,0,0,0,0,0
173,A'Shawn Robinson,NYG,DT,17,34,28,62,0.0,0,6,2,0,0,0,0,0,0,0
174,D.J. Wonnum,MIN,LB,15,33,29,62,8.0,55,7,6,0,0,0,0,0,1,1
175,Quinnen Williams,NYJ,DT,17,39,23,62,5.5,45,11,3,1,7,7,0,1,1,0
176,Andre Cisco,JAX,S,15,42,20,62,0.5,4,1,5,4,68,29,0,1,0,0
177,John Jenkins,LV,DT,17,24,37,61,1.0,4,4,4,0,0,0,0,0,1,1
178,Damontae Kazee,PIT,S,14,46,15,61,0.0,0,0,3,2,37,30,0,0,2,0
179,Xavier Woods,CAR,S,14,39,22,61,0.0,0,4,7,2,-1,2,0,0,1,0
180,Josh Woods,ARI,LB,11,33,28,61,0.5,3,2,1,0,0,0,0,1,0,0
181,Jamel Dean,TB,CB,13,46,15,61,0.0,0,0,4,0,0,0,0,0,2,0
182,Rasul Douglas,BUF/GB,CB,16,47,14,61,1.0,10,3,14,5,56,40,1,0,3,0
183,Russ Yeast,LAR,S,17,37,24,61,0.0,0,0,5,0,0,0,0,0,0,0
184,Kyler Gordon,CHI,CB,13,44,17,61,1.0,8,3,6,2,0,0,0,0,0,0
185,Tyson Campbell,JAX,CB,11,42,19,61,0.0,0,2,5,1,0,0,0,1,0,0
186,Henry To'oTo'o,HOU,LB,15,35,26,61,0.0,0,2,2,0,0,0,0,1,1,0
187,Byron Young,LAR,LB,17,42,19,61,8.0,41,8,0,0,0,0,0,2,1,0
188,Tashaun Gipson Sr.,SF,S,16,41,19,60,1.0,9,3,3,1,26,26,0,0,0,0
189,Zach Allen,DEN,DE,17,27,33,60,5.0,45,8,1,0,0,0,0,1,0,0
190,Nick Bolton,KC,LB,8,38,22,60,0.0,0,1,3,1,1,1,0,0,0,0
191,David Mayo,WSH,LB,17,39,20,59,2.0,9,6,0,0,0,0,0,0,0,0
192,Tracy Walker III,DET,S,17,42,17,59,1.0,8,1,2,0,0,0,0,1,0,0
193,Donte Jackson,CAR,CB,16,49,10,59,0.0,0,5,5,0,0,0,0,1,0,0
194,Martin Emerson Jr.,CLE,CB,16,45,14,59,0.0,0,1,14,4,25,14,0,0,0,0
195,Sam Hubbard,CIN,DE,15,38,20,58,6.0,38,7,0,0,0,0,0,0,2,0
196,Willie Gay,KC,LB,16,44,14,58,1.0,13,4,4,1,24,24,0,1,3,0
197,Darius Slay Jr.,PHI,CB,12,48,9,57,0.0,0,1,15,2,86,70,1,0,0,0
198,Samson Ebukam,IND,DE,17,39,18,57,9.5,67,10,1,0,0,0,0,3,0,0
199,Chidobe Awuzie,CIN,CB,15,43,14,57,0.0,0,2,6,0,0,0,0,1,1,0
200,Nick Scott,CIN,S,17,35,22,57,0.0,0,1,0,0,0,0,0,0,1,0
201,Khalen Saunders,NO,DT,17,24,33,57,0.0,0,1,1,0,0,0,0,0,0,0
202,Montez Sweat,CHI/WSH,DE,17,38,19,57,12.5,79,14,4,0,0,0,0,3,0,0
203,Sean Murphy-Bunting,TEN,CB,14,42,15,57,0.0,0,3,8,2,12,10,0,2,1,0
204,Alex Highsmith,PIT,LB,17,34,23,57,7.0,45,8,3,2,30,30,1,2,0,0
205,Byron Murphy Jr.,MIN,CB,14,43,14,57,0.0,0,4,13,3,59,37,0,1,0,0
206,Kobie Turner,LAR,DT,17,29,28,57,9.0,78,8,2,0,0,0,0,0,0,0
207,Sauce Gardner,NYJ,CB,16,41,16,57,0.0,0,2,12,0,0,0,0,1,0,0
208,Calais Campbell,ATL,DT,17,32,24,56,6.5,29,10,1,0,0,0,0,1,1,0
209,Kamu Grugier-Hill,CAR,LB,17,31,25,56,1.0,7,2,2,1,31,31,0,0,0,0
210,Davon Godchaux,NE,DT,17,24,32,56,0.0,0,2,0,0,0,0,0,0,1,0
211,Justin Madubuike,BAL,DT,17,38,18,56,13.0,90,12,0,0,0,0,0,2,0,0
212,Marcus Williams,BAL,S,11,35,20,55,0.0,0,1,8,1,22,22,0,0,0,0
213,Krys Barnes,ARI,LB,16,35,20,55,0.0,0,3,6,1,46,46,0,0,0,0
214,Jerry Jacobs,DET,CB,15,49,6,55,0.0,0,2,8,3,45,20,0,0,0,0
215,Jermaine Johnson,NYJ,LB,17,36,19,55,7.5,50,11,7,1,37,37,1,1,1,0
216,Micah Hyde,BUF,S,14,37,17,54,0.0,0,1,7,2,24,23,0,0,0,0
217,James Bradberry IV,PHI,CB,16,39,15,54,0.0,0,0,13,1,5,5,0,0,1,0
218,Deatrich Wise Jr.,NE,DE,16,22,32,54,4.5,50,3,1,0,0,0,0,1,0,0
219,Jarran Reed,SEA,DT,16,27,27,54,7.0,46,7,2,0,0,0,0,1,1,0
220,Cole Holcomb,PIT,LB,8,31,23,54,0.0,0,4,2,0,0,0,0,2,1,0
221,Juan Thornhill,CLE,S,11,41,13,54,0.0,0,0,1,0,0,0,0,0,0,0
222,Christian Benford,BUF,CB,15,43,11,54,0.0,0,3,10,2,8,8,0,2,1,0
223,Kareem Jackson,HOU/DEN,CB,10,37,16,53,0.0,0,0,3,2,5,5,0,0,0,0
224,Aaron Donald,LAR,DT,16,28,25,53,8.0,45,16,3,0,0,0,0,0,0,0
225,Jonathan Allen,WSH,DT,16,30,23,53,5.5,24,10,1,0,0,0,0,0,0,0
226,Daron Payne,WSH,DT,17,32,21,53,4.0,25,13,4,0,0,0,0,2,2,0
227,P.J. Locke,DEN,S,12,33,20,53,3.0,34,2,5,1,14,14,0,2,0,0
228,Dexter Lawrence II,NYG,DT,16,32,21,53,4.5,37,7,2,0,0,0,0,0,0,0
229,Nick Bosa,SF,DE,17,34,19,53,10.5,59,16,4,0,0,0,0,2,1,0
230,Darious Williams,JAX,CB,17,44,9,53,0.0,0,3,19,4,72,61,1,2,0,0
231,Marco Wilson,ARI/NE,CB,16,41,12,53,0.0,0,0,4,0,0,0,0,0,0,0
232,Riq Woolen,SEA,CB,16,42,11,53,0.0,0,1,11,2,0,0,0,0,2,0
233,Quentin Lake,LAR,S,14,42,11,53,0.0,0,1,6,0,0,0,0,0,1,0
234,Tuli Tuipulotu,LAC,LB,17,37,16,53,4.5,38,8,1,0,0,0,0,2,1,0
235,Shaquil Barrett,TB,LB,16,33,19,52,4.5,33,3,2,1,4,4,1,3,0,0
236,Jourdan Lewis,DAL,CB,16,36,16,52,0.0,0,2,5,1,0,0,0,3,2,0
237,Ahkello Witherspoon,LAR,CB,17,43,9,52,0.0,0,3,14,3,17,17,0,0,2,0
238,Jonathan Greenard,HOU,LB,15,36,16,52,12.5,105,15,2,0,0,0,0,1,0,0
239,Carlton Davis III,TB,CB,12,40,12,52,0.0,0,0,9,2,3,3,0,0,0,0
240,Boye Mafe,SEA,LB,16,35,17,52,9.0,65,9,6,0,0,0,0,1,2,0
241,Kwity Paye,IND,DE,16,31,21,52,8.5,40,8,0,0,0,0,0,2,2,0
242,Talanoa Hufanga,SF,S,10,39,13,52,0.0,0,1,3,3,48,28,0,0,0,0
243,Travon Walker,JAX,LB,17,27,25,52,10.0,78,10,2,0,0,0,0,0,1,0
244,B.J. Hill,CIN,DT,17,26,25,51,4.5,27,2,5,2,0,0,0,0,1,0
245,Mike Edwards,KC,S,17,32,19,51,1.0,10,2,5,1,16,16,0,0,2,1
246,Darnell Savage,GB,S,10,36,15,51,0.0,0,1,1,0,0,0,0,0,0,0
247,Ed Oliver,BUF,DT,16,34,17,51,9.5,64,14,3,1,0,0,0,0,0,0
248,Tavierre Thomas,HOU,CB,9,30,21,51,0.0,0,2,1,0,0,0,0,2,0,0
249,Aidan Hutchinson,DET,DE,17,36,15,51,11.5,99,14,7,1,6,6,0,3,2,0
250,Ja'Quan McMillian,DEN,CB,16,37,14,51,2.0,15,7,5,2,14,9,0,2,2,0
251,Jimmie Ward,HOU,S,10,33,17,50,0.0,0,0,3,1,0,0,0,1,0,0
252,DeMarcus Lawrence,DAL,DE,17,29,21,50,4.0,25,10,6,0,0,0,0,1,0,0
253,Denico Autry,TEN,DE,17,30,20,50,11.5,88,12,4,0,0,0,0,2,0,0
254,Keanu Neal,PIT,S,9,33,17,50,0.0,0,1,2,1,32,32,0,0,1,0
255,Malik Hooker,DAL,S,16,27,23,50,0.0,0,1,3,1,0,0,0,1,1,0
256,Mike Danna,KC,DE,16,32,18,50,6.5,34,7,3,0,0,0,0,0,0,0
257,David Onyemata,ATL,DT,14,25,25,50,4.0,23,6,3,0,0,0,0,2,0,0
258,Isaiah Simmons,NYG,S,17,33,17,50,1.0,10,2,3,1,54,54,1,1,1,0
259,Brian Burns,CAR,LB,16,32,18,50,8.0,56,15,2,0,0,0,0,1,1,0
260,Taylor Rapp,BUF,S,16,33,17,50,0.5,3,1,2,1,0,0,0,0,1,0
261,Nathan Shepherd,NO,DT,17,26,24,50,3.0,20,4,0,0,0,0,0,0,0,0
262,Amik Robertson,LV,CB,17,38,12,50,1.0,5,2,6,2,40,40,0,1,0,0
263,Michael Carter II,NYJ,CB,15,37,13,50,0.0,0,1,9,0,0,0,0,1,0,0
264,T.J. Slaton,GB,DT,17,23,27,50,0.0,0,2,2,0,0,0,0,0,0,0
265,Cam Taylor-Britt,CIN,CB,12,40,10,50,0.0,0,1,11,4,65,30,1,1,0,0
266,Kayvon Thibodeaux,NYG,LB,17,26,24,50,11.5,93,12,4,0,0,0,0,3,1,0
267,DJ Turner II,CIN,CB,17,40,10,50,1.0,5,2,7,0,0,0,0,0,1,0
268,Justin Jones,CHI,DT,17,29,20,49,4.5,37,10,4,0,0,0,0,0,0,0
269,Dre'Mont Jones,SEA,DE,17,26,23,49,4.5,23,5,0,0,0,0,0,0,0,0
270,Jonah Williams,LAR,DE,17,20,29,49,2.0,21,4,1,0,0,0,0,0,0,0
271,Derion Kendrick,LAR,CB,17,41,8,49,0.0,0,3,10,1,0,0,0,0,0,0
272,Terell Smith,CHI,CB,12,37,12,49,0.0,0,3,6,0,0,0,0,1,1,0
273,Greg Newsome II,CLE,CB,14,34,15,49,0.5,3,4,14,2,34,34,1,0,0,0
274,Troy Hill,CAR,CB,16,30,18,48,0.0,0,3,6,1,61,61,1,1,0,0
275,Preston Smith,GB,DE,17,28,20,48,8.0,44,4,4,0,0,0,0,2,0,0
276,Jonathan Jones,NE,CB,14,40,8,48,0.0,0,0,7,0,0,0,0,0,0,0
277,Jamal Adams,SEA,S,9,34,14,48,0.0,0,7,2,0,0,0,0,0,0,0
278,Bilal Nichols,LV,DT,17,25,23,48,1.5,3,4,1,0,0,0,0,0,1,1
279,Marshon Lattimore,NO,CB,10,39,9,48,0.0,0,2,8,1,0,0,0,0,0,0
280,Terrell Edmunds,PHI/TEN,S,16,34,14,48,2.5,11,2,2,1,2,2,0,1,0,0
281,Brandon Jones,MIA,S,16,36,12,48,0.0,0,2,4,2,40,40,0,1,1,0
282,Desmond King II,PIT/HOU,CB,10,22,25,47,1.0,7,5,2,0,0,0,0,0,0,0
283,Dante Stills,ARI,DT,15,18,29,47,3.5,25,5,0,0,0,0,0,0,1,0
284,George Karlaftis,KC,DE,16,29,18,47,10.5,56,7,3,0,0,0,0,1,0,0
285,Fabian Moreau,DEN,CB,16,33,13,46,0.0,0,1,7,1,9,9,0,0,0,0
286,Austin Johnson,LAC,DT,17,24,22,46,0.0,0,2,2,0,0,0,0,1,1,0
287,Eli Apple,MIA,CB,10,37,9,46,0.5,0,0,9,1,8,8,0,0,0,0
288,Oren Burks,SF,LB,15,29,17,46,1.0,7,3,1,1,11,11,0,0,0,0
289,Tre Herndon,JAX,CB,16,31,15,46,0.0,0,1,9,0,0,0,0,1,0,0
290,Kevin Strong,ARI,DE,14,25,21,46,2.5,25,5,1,0,0,0,0,0,1,0
291,Jonathan Ledbetter,ARI,DE,12,21,25,46,1.5,3,1,0,0,0,0,0,0,0,0
292,D.J. Jones,DEN,DT,16,30,16,46,2.0,23,5,0,0,0,0,0,3,2,0
293,Kristian Fulton,TEN,CB,11,37,9,46,0.0,0,2,5,0,0,0,0,0,0,0
294,Osa Odighizuwa,DAL,DT,17,26,20,46,3.0,18,9,0,0,0,0,0,0,0,0
295,Dennis Gardeck,ARI,LB,17,36,10,46,6.0,52,7,4,0,0,0,0,1,1,0
296,Quan Martin,WSH,S,16,28,18,46,1.0,0,1,4,2,7,7,0,0,0,0
297,Jamien Sherwood,NYJ,LB,17,28,18,46,0.0,0,3,1,0,0,0,0,1,0,0
298,Jalen Mills,NE,CB,17,26,19,45,0.0,0,1,1,0,0,0,0,1,0,0
299,Xavien Howard,MIA,CB,13,36,9,45,0.0,0,1,12,1,0,0,0,0,0,0
300,Andrew Wingard,JAX,S,17,35,10,45,0.0,0,1,2,1,0,0,0,1,0,0
301,A.J. Terrell,ATL,CB,17,34,11,45,0.0,0,4,11,0,0,0,0,0,0,0
302,Joe Tryon-Shoyinka,TB,LB,17,28,17,45,5.0,39,7,1,0,0,0,0,1,1,0
303,Sydney Brown,PHI,S,14,32,13,45,0.0,0,1,3,1,99,99,1,1,0,0
304,Jordan Davis,PHI,DT,17,18,27,45,2.5,15,2,1,0,0,0,0,1,0,0
305,Will Anderson Jr.,HOU,DE,15,29,16,45,7.0,48,10,1,0,0,0,0,0,0,0
306,Jonathan Bullard,MIN,DE,17,24,20,44,2.0,13,3,0,0,0,0,0,1,0,0
307,Javon Hargrave,SF,DT,16,25,19,44,7.0,47,8,2,0,0,0,0,0,0,0
308,Anthony Walker Jr.,CLE,LB,12,23,21,44,0.0,0,1,4,0,0,0,0,1,2,0
309,Kenny Clark,GB,DT,17,22,22,44,7.5,49,9,3,0,0,0,0,2,0,0
310,Jeffery Simmons,TEN,DT,12,30,14,44,5.5,37,10,1,0,0,0,0,1,1,0
311,Rashan Gary,GB,LB,17,23,21,44,9.0,48,7,2,0,0,0,0,2,2,0
312,Jeff Okudah,ATL,CB,13,34,10,44,0.0,0,1,3,0,0,0,0,0,0,0
313,Carrington Valentine,GB,CB,17,33,11,44,0.0,0,0,9,0,0,0,0,0,1,0
314,Jaylon Jones,IND,CB,17,33,11,44,0.0,0,1,5,0,0,0,0,0,0,0
315,Cameron Jordan,NO,DE,17,20,23,43,2.0,8,3,3,0,0,0,0,0,1,0
316,Jadeveon Clowney,BAL,LB,17,24,19,43,9.5,51,9,5,0,0,0,0,2,1,0
317,Marcus Peters,LV,CB,12,28,15,43,0.0,0,1,5,1,75,75,1,0,0,0
318,Larry Ogunjobi,PIT,DT,17,21,22,43,3.0,16,3,2,0,0,0,0,1,2,0
319,Trey Hendrickson,CIN,DE,17,28,15,43,17.5,122,16,3,0,0,0,0,3,0,0
320,Vita Vea,TB,DT,15,28,15,43,5.5,32,8,0,0,0,0,0,2,0,0
321,Josh Sweat,PHI,DE,17,30,13,43,6.5,50,7,1,0,0,0,0,2,0,0
322,Shy Tuttle,CAR,DT,17,19,24,43,0.5,0,1,5,0,0,0,0,0,0,0
323,Malcolm Koonce,LV,DE,17,32,11,43,8.0,52,9,0,0,0,0,0,3,0,0
324,Jaelan Phillips,MIA,LB,8,28,15,43,6.5,37,7,2,1,5,5,0,0,0,0
325,Ambry Thomas,SF,CB,15,35,8,43,0.0,0,0,7,1,2,2,0,1,1,0
326,JuJu Brents,IND,CB,9,30,13,43,0.0,0,0,6,1,0,0,0,1,1,0
327,Jordan Howden,NO,S,16,23,20,43,1.0,12,0,5,0,0,0,0,1,0,0
328,Corey Ballentine,GB,CB,14,28,15,43,0.0,0,0,7,1,0,0,0,0,0,0
329,Jonathan Harris,DEN,DT,17,26,17,43,1.0,1,4,0,0,0,0,0,0,0,0
330,Joey Porter Jr.,PIT,CB,17,32,11,43,0.0,0,1,10,1,0,0,0,0,0,0
331,Kei'Trel Clark,ARI,CB,14,37,6,43,0.0,0,2,4,0,0,0,0,0,0,0
332,Patrick Peterson,PIT,CB,17,34,8,42,0.0,0,0,11,2,0,0,0,0,0,0
333,Michael Pierce,BAL,DT,17,24,18,42,1.0,22,2,2,0,0,0,0,1,2,0
334,Duke Riley,MIA,LB,17,30,12,42,0.5,1,0,1,0,0,0,0,1,0,0
335,John Johnson III,LAR,S,17,24,18,42,0.0,0,0,6,2,44,42,0,0,0,0
336,Myles Garrett,CLE,DE,16,33,9,42,14.0,102,17,3,0,0,0,0,4,1,0
337,Roy Lopez,ARI,DT,14,22,20,42,0.0,0,2,0,0,0,0,0,0,0,0
338,Milton Williams,PHI,DT,16,21,21,42,0.5,3,3,1,0,0,0,0,1,0,0
339,Bryan Cook,KC,S,12,26,16,42,0.0,0,1,2,1,9,9,0,0,2,1
340,Greg Rousseau,BUF,DE,16,30,12,42,5.0,34,13,4,0,0,0,0,1,1,0
341,DeAndre Houston-Carson,BAL/HOU,S,13,26,15,41,0.0,0,1,5,2,13,13,0,0,1,0
342,Kwon Alexander,PIT,LB,9,32,9,41,1.0,3,5,1,1,0,0,0,1,0,0
343,Maliek Collins,HOU,DT,16,19,22,41,5.0,39,8,1,0,0,0,0,0,0,0
344,Nick Niemann,LAC,LB,17,23,18,41,0.0,0,1,1,0,0,0,0,0,0,0
345,Grover Stewart,IND,DT,11,23,18,41,0.5,2,5,0,0,0,0,0,0,0,0
346,Zaven Collins,ARI,LB,17,27,14,41,3.5,31,6,3,1,1,1,0,0,1,0
347,Mekhi Blackmon,MIN,CB,15,34,7,41,0.0,0,3,8,1,0,0,0,0,1,0
348,Dee Alford,ATL,CB,16,25,16,41,0.0,0,2,6,0,0,0,0,0,1,0
349,Dean Marlowe,LAC,S,16,32,8,40,1.0,0,1,0,0,0,0,0,0,0,0
350,Antonio Hamilton Sr.,ARI,CB,15,29,11,40,0.0,0,0,11,1,0,0,0,0,0,0
351,Anthony Nelson,TB,LB,16,21,19,40,3.0,18,7,1,0,0,0,0,0,0,0
352,BJ Ojulari,ARI,LB,17,23,17,40,4.0,28,5,1,0,0,0,0,0,0,0
353,DeMarcco Hellams,ATL,S,15,25,15,40,0.0,0,1,0,0,0,0,0,0,0,0
354,Dorian Williams,BUF,LB,17,25,15,40,0.0,0,0,1,0,0,0,0,0,0,0
355,Bud Dupree,ATL,LB,16,17,22,39,6.5,29,8,3,0,0,0,0,2,0,0
356,Shaquill Griffin,HOU/CAR,CB,13,29,10,39,0.0,0,0,5,1,0,0,0,0,0,0
357,Dane Jackson,BUF,CB,15,34,5,39,0.0,0,0,5,0,0,0,0,1,0,0
358,C.J. Henderson,CAR,CB,12,31,8,39,1.0,8,3,2,0,0,0,0,0,0,0
359,Cobie Durant,LAR,CB,16,23,16,39,0.0,0,0,6,0,0,0,0,0,0,0
360,Nick Cross,IND,S,17,24,15,39,0.0,0,1,2,1,18,18,0,0,0,0
361,Derek Stingley Jr.,HOU,CB,11,28,11,39,0.0,0,1,13,5,17,14,0,0,0,0
362,Lawrence Guy Sr.,NE,DE,17,16,22,38,0.0,0,1,1,0,0,0,0,0,0,0
363,Haason Reddick,PHI,DE,17,29,9,38,11.0,80,13,1,0,0,0,0,1,0,0
364,Levi Wallace,PIT,CB,16,32,6,38,0.0,0,0,11,2,0,0,0,0,0,0
365,Dorance Armstrong,DAL,DE,17,20,18,38,7.5,41,7,1,0,0,0,0,0,0,0
366,Malcolm Roach,NO,DT,12,13,25,38,0.0,0,3,3,0,0,0,0,0,0,0
367,Dayo Odeyingbo,IND,DE,17,22,16,38,8.0,53,9,2,0,0,0,0,2,2,0
368,Starling Thomas V,ARI,CB,12,35,3,38,0.0,0,1,5,0,0,0,0,0,0,0
369,Emmanuel Forbes Jr.,WSH,CB,14,35,3,38,0.0,0,2,11,1,3,3,0,0,0,0
370,Derick Hall,SEA,LB,17,18,20,38,0.0,0,3,1,0,0,0,0,0,0,0
371,Yaya Diaby,TB,LB,18,25,13,38,7.5,48,12,0,0,0,0,0,1,2,0
372,Sheldon Rankins,HOU,DT,15,29,8,37,6.0,54,9,0,0,0,0,0,1,1,1
373,Marcus Maye,NO,S,7,27,10,37,1.0,0,3,2,2,5,5,0,0,0,0
374,Sebastian Joseph-Day,LAC/SF,DT,16,19,18,37,3.0,10,3,0,0,0,0,0,0,0,0
375,Eddie Jackson,CHI,S,12,32,5,37,0.0,0,0,5,1,27,27,0,0,0,0
376,Isaac Yiadom,NO,CB,17,25,12,37,0.0,0,0,14,1,0,0,0,0,1,0
377,Ashtyn Davis,NYJ,S,17,23,14,37,0.0,0,3,8,3,66,51,0,1,3,0
378,Arthur Maulet,BAL,CB,14,32,5,37,2.0,17,5,5,1,0,0,0,0,2,0
379,Jack Jones,LV/NE,CB,11,28,9,37,0.0,0,1,5,2,49,33,2,0,0,0
380,Devin Bush,SEA,LB,13,18,19,37,0.0,0,5,0,0,0,0,0,0,0,0
381,Mack Wilson Sr.,NE,LB,17,24,13,37,3.5,21,4,3,0,0,0,0,2,0,0
382,Kingsley Enagbare,GB,LB,17,27,10,37,2.0,9,8,1,0,0,0,0,1,1,0
383,Jaylon Johnson,CHI,CB,14,31,5,36,0.0,0,1,10,4,65,39,1,1,0,0
384,Yetur Gross-Matos,CAR,LB,12,19,17,36,4.5,19,6,0,0,0,0,0,0,0,0
385,Devonte Wyatt,GB,DT,17,18,18,36,5.5,36,6,0,0,0,0,0,0,1,0
386,Chamarri Conner,KC,S,17,31,5,36,0.0,0,2,1,1,4,4,0,0,0,0
387,Travis Jones,BAL,DT,17,20,16,36,1.5,8,4,2,0,0,0,0,0,0,0
388,John Cominsky,DET,DE,16,14,22,36,2.0,16,2,1,0,0,0,0,0,0,0
389,Keeanu Benton,PIT,DT,17,16,20,36,1.0,9,1,2,0,0,0,0,2,0,0
390,Cor'Dale Flott,NYG,CB,14,25,11,36,0.0,0,0,5,1,21,21,0,1,0,0
391,Deion Jones,CAR,LB,13,22,13,35,1.0,8,4,6,1,0,0,0,0,0,0
392,Lorenzo Carter,ATL,LB,17,24,11,35,3.0,33,6,1,0,0,0,0,1,2,0
393,Darrell Baker Jr.,IND,CB,14,28,7,35,0.0,0,0,7,0,0,0,0,0,0,0
394,Damarri Mathis,DEN,CB,17,26,9,35,0.0,0,2,1,0,0,0,0,0,0,0
395,Elijah Hicks,CHI,S,17,20,15,35,0.0,0,0,1,0,0,0,0,0,0,0
396,Tre Hawkins III,NYG,CB,17,24,11,35,0.0,0,0,1,0,0,0,0,0,0,0
397,Ji'Ayir Brown,SF,S,15,22,13,35,0.0,0,0,4,2,0,0,0,0,0,0
398,Roy Robertson-Harris,JAX,DE,17,16,18,34,3.5,27,3,1,0,0,0,0,0,0,0
399,Quinton Jefferson,NYJ,DT,14,13,21,34,6.0,20,4,0,0,0,0,0,1,1,0
400,DJ Reader,CIN,DT,14,20,14,34,1.0,9,2,1,0,0,0,0,0,1,0
401,Denzel Ward,CLE,CB,13,30,4,34,0.0,0,1,11,2,20,20,0,1,0,0
402,Michael Jackson,SEA,CB,17,28,6,34,0.0,0,2,5,0,0,0,0,0,0,0
403,Tre Brown,SEA,CB,15,29,5,34,1.0,5,2,6,2,40,40,1,2,0,0
404,Montaric Brown,JAX,CB,12,25,9,34,0.0,0,0,4,0,0,0,0,0,0,0
405,Tony Fields II,CLE,LB,17,16,18,34,0.0,0,0,0,0,0,0,0,0,1,0
406,Rodney Thomas II,IND,S,17,30,4,34,0.0,0,0,4,2,5,5,0,0,0,0
407,Delarrin Turner-Yell,DEN,S,16,26,8,34,0.0,0,0,1,0,0,0,0,0,0,0
408,Cameron Heyward,PIT,DT,11,25,8,33,2.0,14,6,1,0,0,0,0,0,0,0
409,Fletcher Cox,PHI,DT,15,15,18,33,5.0,21,3,2,0,0,0,0,1,1,0
410,DeShawn Williams,CAR,DT,16,13,20,33,1.0,7,2,1,0,0,0,0,0,0,0
411,John Franklin-Myers,NYJ,DE,17,15,18,33,3.5,38,6,3,0,0,0,0,0,0,0
412,Ifeatu Melifonwu,DET,S,17,24,9,33,3.0,30,4,8,2,35,24,0,1,0,0
413,Mykal Walker,PIT,LB,8,21,12,33,0.0,0,2,2,1,30,30,0,0,0,0
414,Tre Avery,TEN,CB,15,28,5,33,0.0,0,2,2,0,0,0,0,0,0,0
415,Zach Harrison,ATL,DE,16,18,15,33,3.0,10,4,1,0,0,0,0,0,0,0
416,Dane Belton,NYG,S,17,22,11,33,1.0,14,3,2,2,22,20,0,0,1,0
417,Jalen Carter,PHI,DT,16,20,13,33,6.0,34,8,0,0,0,0,0,2,1,1
418,Jaylen Watson,KC,CB,16,28,5,33,2.0,17,2,6,0,0,0,0,0,0,0
419,Jerry Hughes,HOU,DE,17,23,9,32,3.0,28,4,0,0,0,0,0,1,0,0
420,Nick Williams,LAC,DT,14,16,16,32,1.0,8,7,0,0,0,0,0,0,2,0
421,Leonard Floyd,BUF,DE,17,21,11,32,10.5,66,9,1,0,0,0,0,1,0,0
422,Khalil Davis,HOU,DT,15,16,16,32,2.0,18,6,2,0,0,0,0,1,1,0
423,Pat Jones II,MIN,LB,17,22,10,32,1.0,11,5,0,0,0,0,0,0,0,0
424,Ja'Sir Taylor,LAC,CB,16,25,7,32,0.0,0,0,8,1,8,8,0,0,0,0
425,Victor Dimukeje,ARI,LB,16,21,11,32,4.0,28,5,1,0,0,0,0,1,0,0
426,Alim McNeill,DET,DT,13,17,15,32,5.0,43,6,1,0,0,0,0,1,0,0
427,Lukas Van Ness,GB,LB,17,24,8,32,4.0,31,8,1,0,0,0,0,0,0,0
428,Jakorian Bennett,LV,CB,14,24,8,32,0.0,0,0,3,0,0,0,0,0,0,0
429,Nick Thurman,CAR,DE,17,13,18,31,0.0,0,2,0,0,0,0,0,0,0,0
430,Ogbo Okoronkwo,CLE,DE,14,22,9,31,4.5,24,12,1,0,0,0,0,0,1,0
431,Eric Wilson,GB,LB,17,16,15,31,0.0,0,0,0,0,0,0,0,0,0,0
432,Solomon Thomas,NYJ,DE,17,15,16,31,5.0,33,7,1,0,0,0,0,0,0,0
433,Jerry Tillery,LV,DT,17,11,20,31,2.0,11,2,0,0,0,0,0,0,1,0
434,John Ridgeway III,WSH,DT,17,16,15,31,0.0,0,0,1,0,0,0,0,0,0,0
435,Bobby Brown III,LAR,DT,13,16,15,31,0.5,3,4,0,0,0,0,0,0,0,0
436,Kyle Van Noy,BAL,LB,14,20,10,30,9.0,66,9,4,0,0,0,0,2,0,0
437,Chris Jones,KC,DT,16,20,10,30,10.5,72,13,4,0,0,0,0,0,0,0
438,DeMarcus Walker,CHI,DE,17,17,13,30,3.5,30,9,0,0,0,0,0,0,0,0
439,Matt Milano,BUF,LB,5,18,12,30,0.0,0,1,2,2,16,13,0,1,0,0
440,Andre Chachere,ARI,S,17,23,7,30,0.0,0,0,3,0,0,0,0,0,0,0
441,Leighton Vander Esch,DAL,LB,6,17,13,30,0.0,0,1,0,0,0,0,0,0,1,1
442,Arden Key,TEN,LB,17,17,13,30,6.0,43,4,2,0,0,0,0,2,0,0
443,Zack Baun,NO,LB,17,20,10,30,2.0,15,4,2,1,10,10,0,0,0,0
444,Jeremy Chinn,CAR,S,12,18,12,30,1.0,8,2,1,0,0,0,0,0,0,0
445,Sam Franklin Jr.,CAR,S,17,20,10,30,0.0,0,0,3,1,99,99,1,0,0,0
446,Mark Robinson,PIT,LB,17,22,8,30,1.0,8,1,0,0,0,0,0,1,0,0
447,Nik Bonitto,DEN,LB,15,23,7,30,8.0,58,13,2,0,0,0,0,1,0,0
448,Nakobe Dean,PHI,LB,5,22,8,30,0.5,4,2,0,0,0,0,0,0,0,0
449,Rodney McLeod Jr.,CLE,S,10,16,13,29,0.0,0,2,1,0,0,0,0,0,0,0
450,Eric Rowe,PIT,S,3,22,7,29,0.0,0,1,2,1,25,25,0,1,0,0
451,Derrick Nnadi,KC,DT,17,16,13,29,1.0,2,1,1,0,0,0,0,0,0,0
452,Bryce Huff,NYJ,DE,17,19,10,29,10.0,64,10,1,0,0,0,0,0,0,0
453,Darrick Forrest,WSH,S,5,18,11,29,0.0,0,0,0,0,0,0,0,0,0,0
454,K.J. Britt,TB,LB,16,16,13,29,0.0,0,1,1,0,0,0,0,0,0,0
455,Cam Sample,CIN,DE,17,18,11,29,1.5,9,1,1,0,0,0,0,0,0,0
456,Tyree Wilson,LV,DE,17,16,13,29,3.5,18,2,0,0,0,0,0,1,1,0
457,Shelby Harris,CLE,DT,17,17,11,28,1.5,14,6,5,0,0,0,0,1,0,0
458,Adrian Amos,HOU/NYJ,S,16,23,5,28,0.0,0,0,1,0,0,0,0,0,0,0
459,Ronald Darby,BAL,CB,16,24,4,28,0.0,0,1,7,0,0,0,0,0,0,0
460,Adam Butler,LV,DT,17,16,12,28,5.0,38,8,4,0,0,0,0,1,0,0
461,Dalvin Tomlinson,CLE,DT,16,12,16,28,3.0,12,4,0,0,0,0,0,0,0,0
462,Mike Ford,CLE,CB,16,22,6,28,0.0,0,0,2,1,10,10,0,0,1,0
463,J.C. Jackson,LAC/NE,CB,10,25,3,28,0.0,0,0,9,1,9,9,0,0,0,0
464,Clelin Ferrell,SF,DE,17,15,13,28,3.5,13,6,1,0,0,0,0,1,1,0
465,Darrell Taylor,SEA,LB,17,17,11,28,5.5,32,7,1,0,0,0,0,1,0,0
466,Charles Omenihu,KC,DE,11,18,10,28,7.0,49,5,2,0,0,0,0,2,0,0
467,Leki Fotu,ARI,DT,11,15,13,28,2.5,14,5,0,0,0,0,0,0,0,0
468,Nick McCloud,NYG,CB,17,20,8,28,0.0,0,0,2,1,0,0,0,3,0,0
469,Raekwon Davis,MIA,DT,17,15,13,28,1.0,5,2,0,0,0,0,0,0,0,0
470,Jack Cochrane,KC,LB,17,21,7,28,0.0,0,2,1,0,0,0,0,0,0,0
471,D'Anthony Bell,CLE,S,17,25,3,28,0.0,0,4,4,2,8,6,0,1,0,0
472,Deane Leonard,LAC,CB,11,22,6,28,0.0,0,1,3,0,0,0,0,1,0,0
473,Johnathan Hankins,DAL,DT,14,13,14,27,3.0,18,2,2,0,0,0,0,0,0,0
474,Arik Armstead,SF,DE,12,15,12,27,5.0,37,4,0,0,0,0,0,0,0,0
475,Za'Darius Smith,CLE,DE,16,18,9,27,5.5,38,8,3,0,0,0,0,1,0,0
476,Andrew Billings,CHI,DT,17,12,15,27,0.0,0,3,0,0,0,0,0,0,0,0
477,Jaire Alexander,GB,CB,7,23,4,27,0.0,0,1,5,0,0,0,0,1,0,0
478,Luke Masterson,LV,LB,16,17,10,27,0.0,0,0,1,0,0,0,0,2,0,0
479,Micheal Clemons,NYJ,DE,16,14,13,27,0.5,5,2,0,0,0,0,0,1,0,0
480,Jaycee Horn,CAR,CB,6,20,7,27,0.0,0,1,5,0,0,0,0,0,0,0
481,Clark Phillips III,ATL,CB,11,22,5,27,0.0,0,1,5,0,0,0,0,0,0,0
482,Nick Herbig,PIT,LB,17,19,8,27,3.0,24,5,0,0,0,0,0,2,1,0
483,Miles Killebrew,PIT,S,17,21,5,26,0.0,0,1,0,0,0,0,0,0,0,0
484,Rakeem Nunez-Roches,NYG,DT,16,14,12,26,0.5,5,1,1,0,0,0,0,0,0,0
485,Adam Gotsis,JAX,DE,17,18,8,26,1.0,3,3,4,0,0,0,0,0,0,0
486,Marlon Humphrey,BAL,CB,10,22,4,26,0.0,0,1,5,1,3,3,0,0,0,0
487,Johnathan Abram,NO,S,9,14,12,26,0.0,0,1,1,1,0,0,0,1,0,0
488,Casey Toohill,WSH,DE,16,17,9,26,5.0,19,6,1,0,0,0,0,0,1,0
489,Benito Jones,DET,DT,17,13,13,26,1.0,8,3,0,0,0,0,0,0,0,0
490,Monty Rice,TEN,LB,12,14,12,26,0.0,0,1,0,0,0,0,0,0,0,0
491,Keion White,NE,DE,16,12,14,26,1.0,9,3,3,0,0,0,0,0,0,0
492,Segun Olubi,IND,LB,15,20,6,26,0.0,0,0,1,1,0,0,0,0,1,0
493,Calijah Kancey,TB,DT,14,19,7,26,4.0,22,10,1,0,0,0,0,0,0,0
494,Sam Williams,DAL,DE,17,15,11,26,4.5,26,5,0,0,0,0,0,1,0,0
495,Tavius Robinson,BAL,LB,17,13,13,26,1.0,7,2,0,0,0,0,0,0,0,0
496,Mike Purcell,DEN,DT,16,11,14,25,0.0,0,1,3,0,0,0,0,0,1,0
497,Tyquan Lewis,IND,DE,17,18,7,25,4.0,29,9,3,0,0,0,0,0,0,0
498,Dee Delaney,TB,CB,17,17,8,25,0.0,0,1,5,2,4,4,0,0,0,0
499,Terrell Burgess,WSH,S,12,17,8,25,0.0,0,0,0,0,0,0,0,0,0,0
500,Chauncey Golston,DAL,DE,17,11,14,25,1.5,12,1,0,0,0,0,0,1,0,0
501,Chase Young,SF/WSH,DE,16,17,8,25,7.5,49,7,2,0,0,0,0,0,0,0
502,Baron Browning,DEN,LB,10,19,6,25,4.5,29,4,2,0,0,0,0,2,0,0
503,Arnold Ebiketie,ATL,LB,17,16,9,25,6.0,40,3,1,0,0,0,0,2,0,0
504,Javon Kinlaw,SF,DT,17,13,12,25,3.5,35,4,3,0,0,0,0,0,0,0
505,Josh Paschal,DET,DE,12,17,8,25,1.0,9,5,1,0,0,0,0,0,1,0
506,Ronnie Hickman,CLE,S,10,17,8,25,0.0,0,0,3,1,30,30,1,0,0,0
507,Alex Wright,CLE,DE,16,16,9,25,5.0,38,6,2,0,0,0,0,2,1,0
508,Jaleel Johnson,TEN,DT,12,11,13,24,1.0,5,0,0,0,0,0,0,1,0,0
509,Foley Fatukasi,JAX,DT,16,16,8,24,0.0,0,3,1,0,0,0,0,0,0,0
510,Montravius Adams,PIT,DT,13,11,13,24,0.0,0,2,1,0,0,0,0,1,0,0
511,Jihad Ward,NYG,LB,17,16,8,24,5.0,25,5,0,0,0,0,0,1,1,0
512,Greg Gaines,TB,DT,17,7,17,24,1.0,0,0,0,0,0,0,0,0,1,0
513,Jeremiah Ledbetter,JAX,DE,17,7,17,24,0.0,0,1,1,0,0,0,0,0,1,0
514,Del'Shawn Phillips,BAL,LB,17,11,13,24,0.0,0,1,0,0,0,0,0,1,1,0
515,Anthony Johnson Jr.,GB,S,12,18,6,24,0.0,0,0,3,1,1,1,0,0,0,0
516,Teair Tart,HOU/TEN,DT,13,17,7,24,1.0,7,8,0,0,0,0,0,0,0,0
517,Bryan Bresee,NO,DT,17,12,12,24,4.5,42,7,6,0,0,0,0,0,0,0
518,Drew Sanders,DEN,LB,17,13,11,24,0.0,0,1,0,0,0,0,0,0,1,0
519,Grady Jarrett,ATL,DE,8,9,14,23,1.5,11,2,2,0,0,0,0,0,0,0
520,Artie Burns,SEA,CB,15,13,10,23,0.0,0,2,2,0,0,0,0,0,0,0
521,Troy Reeder,LAR,LB,17,11,12,23,0.0,0,0,0,0,0,0,0,0,0,0
522,Kevin Givens,SF,DT,17,13,10,23,1.5,12,3,1,0,0,0,0,0,1,0
523,Jaylon Jones,CHI,CB,17,18,5,23,0.0,0,1,0,0,0,0,0,0,0,0
524,Zach Carter,CIN,DT,17,8,15,23,0.0,0,1,1,0,0,0,0,1,0,0
525,Shaun Wade,NE,CB,14,21,2,23,0.0,0,2,1,0,0,0,0,0,0,0
526,Christian Elliss,NE/PHI,LB,16,15,8,23,0.0,0,2,0,0,0,0,0,0,0,0
527,Ta'Quon Graham,ATL,DT,15,6,17,23,1.0,6,1,0,0,0,0,0,1,0,0
528,Odafe Oweh,BAL,LB,13,20,3,23,5.0,32,4,0,0,0,0,0,2,0,0
529,Garrett Williams,ARI,CB,9,19,4,23,0.0,0,1,2,1,0,0,0,0,0,0
530,Duron Harmon,CHI/CLE,S,7,18,4,22,1.0,9,4,2,1,0,0,0,0,0,0
531,Bradley Roby,PHI,CB,9,19,3,22,0.0,0,2,0,0,0,0,0,1,0,0
532,Brent Urban,BAL,DE,17,16,6,22,3.0,26,5,2,0,0,0,0,0,1,0
533,Maurice Hurst II,CLE,DT,13,12,10,22,1.5,14,4,3,1,0,0,0,0,1,0
534,Jalen Ramsey,MIA,CB,10,18,4,22,0.0,0,0,5,3,52,49,0,0,0,0
535,Yannick Ngakoue,CHI,DE,13,13,9,22,4.0,25,6,0,0,0,0,0,0,0,0
536,Taven Bryan,IND,DT,17,12,10,22,2.0,9,4,0,0,0,0,0,1,0,0
537,Derek Barnett,HOU/PHI,DE,14,12,10,22,2.5,18,9,1,0,0,0,0,0,0,0
538,M.J. Stewart,HOU,S,8,13,9,22,0.0,0,0,0,0,0,0,0,1,1,0
539,Chandon Sullivan,PIT,CB,17,14,8,22,0.0,0,1,6,1,0,0,0,1,0,0
540,Kyle Peko,TEN,DT,13,12,10,22,0.0,0,2,1,0,0,0,0,0,0,0
541,James Smith-Williams,WSH,DE,13,11,11,22,1.0,1,2,0,0,0,0,0,0,0,0
542,Albert Huggins,ATL,DT,13,7,15,22,0.0,0,0,0,0,0,0,0,0,1,0
543,Trenton Thompson,PIT,S,6,19,3,22,0.0,0,0,3,1,6,6,0,0,0,0
544,Malcolm Rodriguez,DET,LB,17,14,8,22,0.0,0,0,0,0,0,0,0,1,0,0
545,Marlon Tuipulotu,PHI,DT,14,13,9,22,2.0,7,3,0,0,0,0,0,0,0,0
546,Kurt Hinish,HOU,DT,17,11,11,22,0.5,4,2,1,0,0,0,0,0,0,0
547,Logan Hall,TB,DE,16,11,11,22,0.5,2,2,2,0,0,0,0,0,2,0
548,Juanyeh Thomas,DAL,S,16,14,8,22,0.0,0,0,4,0,0,0,0,0,0,0
549,Cameron Thomas,ARI,LB,15,13,9,22,0.0,0,3,1,0,0,0,0,0,1,1
550,Eric Garror,TEN,CB,12,19,3,22,0.0,0,1,2,0,0,0,0,0,0,0
551,Josh Jobe,PHI,CB,17,20,2,22,0.0,0,0,4,0,0,0,0,1,0,0
552,Mario Edwards Jr.,SEA,DE,15,15,6,21,2.0,16,5,1,0,0,0,0,1,0,0
553,Tre Flowers,ATL,CB,17,15,6,21,0.0,0,1,2,0,0,0,0,0,0,0
554,Mike Hughes,ATL,CB,15,14,7,21,0.0,0,2,1,0,0,0,0,0,0,0
555,Cam Lewis,BUF,CB,17,17,4,21,0.0,0,1,2,0,0,0,0,0,0,0
556,Essang Bassey,LAC/DEN,CB,15,13,8,21,0.0,0,0,3,0,0,0,0,0,0,0
557,Jordan Elliott,CLE,DT,17,14,7,21,2.5,18,3,1,0,0,0,0,0,0,0
558,Tershawn Wharton,KC,DT,17,7,14,21,2.0,12,2,0,0,0,0,0,0,1,0
559,Theo Jackson,MIN,S,15,14,7,21,0.0,0,0,1,1,0,0,0,0,0,0
560,Kaevon Merriweather,TB,S,16,13,8,21,0.0,0,0,1,0,0,0,0,0,0,0
561,Otito Ogbonnia,LAC,DT,8,10,11,21,0.0,0,0,0,0,0,0,0,0,0,0
562,Otis Reese IV,TEN,LB,7,12,9,21,0.0,0,0,0,0,0,0,0,0,0,0
563,Kelee Ringo,PHI,CB,17,17,4,21,1.0,0,0,2,1,0,0,0,0,0,0
564,Amare Barno,CAR,LB,15,13,8,21,0.0,0,1,0,0,0,0,0,0,0,0
565,Markus Golden,PIT,LB,16,14,6,20,4.0,25,6,1,0,0,0,0,0,1,0
566,Emmanuel Ogbah,MIA,DE,15,7,13,20,5.0,31,3,2,1,5,5,0,1,0,0
567,Randy Gregory,SF/DEN,LB,16,14,6,20,3.5,23,6,1,0,0,0,0,0,0,0
568,Jalen Reeves-Maybin,DET,LB,17,13,7,20,1.0,13,1,2,0,0,0,0,0,0,0
569,Joey Bosa,LAC,LB,9,14,6,20,6.5,59,6,1,0,0,0,0,1,1,0
570,Ronnie Harrison Jr.,IND,LB,7,11,9,20,1.0,10,1,2,2,45,36,1,0,0,0
571,Ezekiel Turner,ARI,LB,16,8,12,20,0.0,0,0,0,0,0,0,0,0,0,0
572,Rashad Weaver,TEN,LB,15,11,9,20,0.0,0,4,1,0,0,0,0,0,0,0
573,Malik Harrison,BAL,LB,14,13,7,20,0.0,0,0,0,0,0,0,0,0,0,0
574,Tyler Hall,LV,CB,11,16,4,20,0.0,0,0,0,0,0,0,0,0,0,0
575,AJ Epenesa,BUF,DE,15,9,11,20,6.5,40,7,8,2,38,32,1,1,1,0
576,Isaiah Pola-Mao,LV,S,16,14,6,20,1.0,7,1,1,1,0,0,0,0,0,0
577,Karl Brooks,GB,DE,17,12,8,20,4.0,31,6,4,0,0,0,0,1,2,0
578,Zacch Pickens,CHI,DT,17,9,11,20,0.5,5,1,1,0,0,0,0,1,0,0
579,Myles Murphy,CIN,DE,17,10,10,20,3.0,10,3,0,0,0,0,0,0,0,0
580,Gervon Dexter Sr.,CHI,DT,17,13,7,20,2.5,11,0,2,0,0,0,0,0,0,0
581,Justin Bethel,MIA,CB,17,15,4,19,0.5,5,2,1,0,0,0,0,0,0,0
582,William Gholston,TB,DE,16,10,9,19,0.0,0,0,2,1,0,0,0,0,0,0
583,Josh Tupou,CIN,DT,14,8,11,19,0.0,0,1,0,0,0,0,0,0,0,0
584,Tanoh Kpassagnon,NO,DE,17,12,7,19,3.5,24,4,2,0,0,0,0,0,0,0
585,Greg Stroman Jr.,CHI,CB,7,12,7,19,1.0,9,3,1,1,0,0,0,0,0,0
586,Andre Smith,ATL,LB,11,13,6,19,0.0,0,0,1,0,0,0,0,1,1,0
587,Demetrius Flannigan-Fowles,SF,LB,16,12,7,19,0.0,0,4,1,0,0,0,0,0,0,0
588,David Long Jr.,LV/CAR/GB,CB,14,15,4,19,0.0,0,0,1,0,0,0,0,0,0,0
589,LaBryan Ray,CAR,DT,17,7,12,19,0.0,0,0,0,0,0,0,0,0,0,0
590,Matt Henningsen,DEN,DE,17,10,9,19,0.0,0,0,2,0,0,0,0,0,0,0
591,Troy Andersen,ATL,LB,2,7,12,19,0.5,4,1,0,0,0,0,0,0,0,0
592,KJ Henry,WSH,DE,10,14,5,19,1.5,5,4,2,0,0,0,0,0,0,0
593,Eli Ricks,PHI,CB,16,13,6,19,0.0,0,1,3,0,0,0,0,0,0,0
594,Kentavius Street,ATL/PHI,DT,13,11,7,18,1.0,2,4,1,0,0,0,0,0,1,0
595,Will Harris,DET,CB,17,12,6,18,0.0,0,1,2,1,0,0,0,0,1,0
596,Broderick Washington,BAL,DT,16,10,8,18,2.0,15,3,0,0,0,0,0,0,2,0
597,Grayland Arnold,HOU,S,8,12,6,18,0.0,0,1,0,0,0,0,0,1,0,0
598,Coby Bryant,SEA,CB,9,14,4,18,0.0,0,0,0,0,0,0,0,1,0,0
599,Darnay Holmes,NYG,CB,16,17,1,18,0.0,0,1,3,2,13,11,0,1,0,0
600,Marte Mapu,NE,S,17,12,6,18,0.0,0,0,1,1,20,20,0,1,0,0
601,Cameron Young,SEA,DT,16,10,8,18,0.0,0,1,1,0,0,0,0,0,0,0
602,Nolan Smith Jr.,PHI,LB,17,10,8,18,1.0,2,1,0,0,0,0,0,0,0,0
603,Cameron Mitchell,CLE,CB,13,16,2,18,1.0,0,1,2,0,0,0,0,0,0,0
604,Joshua Williams,KC,CB,16,14,4,18,0.0,0,1,5,0,0,0,0,0,0,0
605,Adrian Phillips,NE,S,17,10,7,17,0.0,0,0,0,0,0,0,0,0,0,0
606,Myles Jack,PIT,LB,3,12,5,17,1.0,11,1,0,0,0,0,0,0,0,0
607,Justin Hollins,LAC/NYG/GB,LB,12,11,6,17,1.0,4,1,0,0,0,0,0,0,0,0
608,Matthew Adams,CLE,LB,17,11,6,17,0.0,0,0,0,0,0,0,0,1,0,0
609,Da'Shawn Hand,MIA,DT,16,6,11,17,1.0,11,1,2,0,0,0,0,0,0,0
610,Danny Johnson,WSH,CB,13,13,4,17,0.0,0,0,1,0,0,0,0,0,0,0
611,Akeem Davis-Gaither,CIN,LB,13,10,7,17,0.0,0,1,0,0,0,0,0,0,0,0
612,C.J. Gardner-Johnson,DET,S,3,16,1,17,0.0,0,0,3,1,0,0,0,0,0,0
613,Troy Dye,MIN,LB,15,11,6,17,1.0,5,1,0,0,0,0,0,1,0,0
614,Naquan Jones,ARI/TEN,DT,12,3,14,17,0.0,0,1,0,0,0,0,0,0,0,0
615,Josh Hayes,TB,S,15,9,8,17,0.0,0,0,0,0,0,0,0,0,0,0
616,Jon Rhattigan,SEA,LB,17,11,6,17,0.0,0,0,0,0,0,0,0,0,0,0
617,Cam Jones,KC,LB,17,14,3,17,0.0,0,0,0,0,0,0,0,0,0,0
618,Antonio Johnson,JAX,S,13,13,4,17,1.0,4,0,3,2,50,27,0,1,0,0
619,Jammie Robinson,CAR,S,15,11,6,17,0.0,0,0,0,0,0,0,0,0,0,0
620,Colby Wooden,GB,DT,17,10,7,17,0.5,5,1,0,0,0,0,0,0,0,0
621,Christian Gonzalez,NE,CB,4,14,3,17,1.0,8,1,3,1,0,0,0,0,0,0
622,Brandon Graham,PHI,DE,17,11,5,16,3.0,19,4,1,0,0,0,0,0,0,0
623,DaQuan Jones,BUF,DT,7,8,8,16,2.5,17,4,0,0,0,0,0,0,0,0
624,Marquis Haynes Sr.,CAR,LB,7,13,3,16,1.0,8,3,0,0,0,0,0,0,0,0
625,Uchenna Nwosu,SEA,LB,6,12,4,16,2.0,14,4,0,0,0,0,0,2,0,0
626,Neville Gallimore,DAL,DT,17,8,8,16,1.0,6,2,1,0,0,0,0,0,0,0
627,Isaiahh Loudermilk,PIT,DT,16,8,8,16,0.0,0,0,2,0,0,0,0,0,0,0
628,Larrell Murchison,LAR,DT,15,7,9,16,0.0,0,1,0,0,0,0,0,0,0,0
629,DJ Johnson,CAR,LB,13,6,10,16,0.0,0,1,1,0,0,0,0,0,0,0
630,Daiyan Henley,LAC,LB,15,9,7,16,0.0,0,0,0,0,0,0,0,0,0,0
631,Azeez Ojulari,NYG,LB,11,9,7,16,2.5,11,3,0,0,0,0,0,0,1,0
632,Jordan Phillips,BUF,DT,14,10,5,15,2.5,24,2,5,0,0,0,0,0,0,0
633,Morgan Fox,LAC,DE,17,11,4,15,5.5,36,5,0,0,0,0,0,0,0,0
634,Armon Watts,PIT,DT,15,6,9,15,0.5,4,0,0,0,0,0,0,0,0,0
635,Matt Dickerson,KC,DT,12,7,8,15,0.0,0,1,0,0,0,0,0,0,0,0
636,Justin Evans,PHI,S,4,9,6,15,0.0,0,0,2,0,0,0,0,1,1,0
637,Rasheem Green,CHI,DE,17,8,7,15,2.0,9,2,0,0,0,0,0,0,0,0
638,Elijah Campbell,MIA,S,15,10,5,15,0.0,0,0,1,0,0,0,0,0,1,0
639,Joshua Uche,NE,LB,15,8,7,15,3.0,20,3,0,0,0,0,0,0,0,0
640,Eric Johnson II,IND,DT,14,6,9,15,1.0,5,1,0,0,0,0,0,0,0,0
641,Nephi Sewell,NO,LB,16,11,4,15,0.0,0,2,0,0,0,0,0,1,0,0
642,Khyiris Tonga,MIN,DT,14,9,6,15,0.0,0,1,0,0,0,0,0,0,0,0
643,Amari Burney,LV,LB,7,10,5,15,0.0,0,0,0,0,0,0,0,0,0,0
644,Chad Muma,JAX,LB,17,8,7,15,0.0,0,0,2,0,0,0,0,0,0,0
645,Scott Matlock,LAC,DT,12,6,9,15,0.0,0,1,0,0,0,0,0,0,0,0
646,DeMarvin Leal,PIT,DE,12,10,5,15,1.0,2,2,1,0,0,0,0,0,0,0
647,Dallis Flowers,IND,CB,4,11,4,15,0.0,0,1,3,0,0,0,0,0,0,0
648,Nick Bellore,SEA,LB,16,8,6,14,0.0,0,0,0,0,0,0,0,0,0,0
649,Ameer Abdullah,LV,RB,17,12,2,14,0.0,0,0,0,0,0,0,0,0,0,0
650,Dean Lowry,MIN,DT,9,4,10,14,0.0,0,0,1,0,0,0,0,0,1,0
651,Neville Hewitt,HOU,LB,16,8,6,14,0.0,0,0,0,0,0,0,0,0,0,0
652,Jaylinn Hawkins,ATL/LAC,S,16,6,8,14,0.0,0,0,1,0,0,0,0,0,0,0
653,Tim Settle,BUF,DT,17,9,5,14,1.0,4,1,0,0,0,0,0,0,0,0
654,Dicaprio Bootle,CAR,CB,8,14,0,14,0.0,0,0,2,0,0,0,0,0,0,0
655,Will McDonald IV,NYJ,DE,15,9,5,14,3.0,26,4,0,0,0,0,0,1,0,0
656,Kaiir Elam,BUF,CB,3,10,4,14,0.0,0,0,0,0,0,0,0,0,0,0
657,Felix Anudike-Uzomah,KC,DE,17,8,6,14,0.5,1,2,0,0,0,0,0,1,0,0
658,Logan Ryan,SF,S,5,9,4,13,0.0,0,1,0,0,0,0,0,0,0,0
659,Angelo Blackson,JAX,DE,11,8,5,13,0.0,0,2,0,0,0,0,0,0,3,0
660,Eric Murray,HOU,S,6,8,5,13,0.0,0,0,0,0,0,0,0,1,0,0
661,Shaq Lawson,BUF,DE,16,7,6,13,1.0,10,2,0,0,0,0,0,0,0,0
662,Dante Fowler Jr.,DAL,DE,17,8,5,13,4.0,21,5,3,0,0,0,0,1,0,0
663,Charles Harris,DET,DE,13,10,3,13,1.5,13,2,0,0,0,0,0,0,0,0
664,Siran Neal,BUF,CB,17,9,4,13,0.0,0,0,0,0,0,0,0,0,0,0
665,Rock Ya-Sin,BAL,CB,14,9,4,13,0.0,0,0,2,0,0,0,0,0,0,0
666,Matthew Judon,NE,LB,4,10,3,13,4.0,25,5,0,0,0,0,0,0,0,0
667,Ben Skowronek,LAR,WR,17,11,2,13,0.0,0,0,0,0,0,0,0,0,0,0
668,Brenden Schooler,NE,S,17,11,2,13,0.0,0,0,0,0,0,0,0,0,1,0
669,K'Lavon Chaisson,JAX,LB,17,9,4,13,2.0,11,4,1,0,0,0,0,0,0,0
670,D.J. Davidson,NYG,DT,15,6,7,13,0.5,3,1,2,0,0,0,0,0,0,0
671,Ronnie Perkins,DEN,LB,7,9,4,13,0.0,0,2,0,0,0,0,0,0,0,0
672,Ben VanSumeren,PHI,LB,9,4,9,13,0.0,0,0,0,0,0,0,0,0,0,0
673,Dylan Horton,HOU,DE,10,8,5,13,0.0,0,1,0,0,0,0,0,0,1,0
674,LaCale London,ATL,DE,7,6,7,13,0.0,0,2,0,0,0,0,0,0,1,0
675,Mazi Smith,DAL,DT,17,9,4,13,1.0,9,3,0,0,0,0,0,0,0,0
676,Tre Tomlinson,LAR,CB,15,11,2,13,0.0,0,0,0,0,0,0,0,0,0,0
677,SirVocea Dennis,TB,LB,13,11,2,13,0.0,0,0,1,0,0,0,0,0,0,0
678,Trenton Simpson,BAL,LB,15,10,3,13,1.0,6,2,0,0,0,0,0,0,1,0
679,Linval Joseph,BUF,DT,7,7,5,12,1.0,3,1,0,0,0,0,0,0,0,0
680,Daryl Worley,BAL,CB,12,8,4,12,0.0,0,0,1,0,0,0,0,0,0,0
681,Tre'Davious White,BUF,CB,4,10,2,12,0.0,0,1,2,1,2,2,0,0,0,0
682,George Odum,SF,S,11,6,6,12,0.0,0,0,0,0,0,0,0,0,0,0
683,J.T. Gray,NO,S,14,7,5,12,0.0,0,0,0,0,0,0,0,0,0,0
684,Avonte Maddox,PHI,CB,4,8,4,12,0.0,0,1,2,0,0,0,0,1,0,0
685,Ugo Amadi,NO,S,17,6,6,12,0.0,0,0,2,0,0,0,0,0,0,0
686,DaVon Hamilton,JAX,DT,8,7,5,12,0.0,0,1,0,0,0,0,0,0,0,0
687,Jake Hansen,HOU,LB,14,8,4,12,0.0,0,0,0,0,0,0,0,0,0,0
688,Cam Gill,TB,LB,15,5,7,12,1.0,7,0,0,0,0,0,0,1,0,0
689,Jeremiah Moon,BAL,LB,8,6,6,12,0.0,0,1,0,0,0,0,0,2,0,0
690,Elijah Riley,PIT,S,13,5,7,12,1.0,2,2,0,0,0,0,0,0,0,0
691,D'Marco Jackson,NO,LB,17,3,9,12,0.0,0,0,0,0,0,0,0,0,1,1
692,Isaiah Buggs,DET,DT,10,7,5,12,1.0,6,2,1,0,0,0,0,0,1,0
693,Dominique Robinson,CHI,DE,11,5,7,12,0.5,5,1,1,0,0,0,0,0,0,0
694,Trevor Denbow,IND,S,17,9,3,12,0.0,0,0,0,0,0,0,0,0,0,0
695,Tyler Lacy,JAX,DE,15,5,7,12,0.0,0,1,1,0,0,0,0,0,0,0
696,Khalil Dorsey,DET,CB,13,7,4,11,0.0,0,0,1,0,0,0,0,0,0,0
697,Kindle Vildor,DET/TEN,CB,7,10,1,11,0.0,0,2,2,0,0,0,0,1,0,0
698,Boogie Basham,NYG,LB,13,5,6,11,0.0,0,0,0,0,0,0,0,0,0,0
699,Alex Cook,CAR,S,10,6,5,11,0.0,0,1,0,0,0,0,0,0,0,0
700,Jay Tufele,CIN,DT,10,4,7,11,0.0,0,0,0,0,0,0,0,0,0,0
701,Jesse Luketa,ARI,LB,14,4,7,11,0.0,0,1,0,0,0,0,0,0,0,0
702,Ar'Darius Washington,BAL,S,2,6,5,11,1.0,8,1,2,0,0,0,0,0,0,0
703,Gregory Junior,JAX,CB,9,7,4,11,0.0,0,2,1,0,0,0,0,0,0,0
704,Owen Pappoe,ARI,LB,16,5,6,11,0.0,0,0,1,0,0,0,0,0,0,0
705,Jerrick Reed II,SEA,S,10,9,2,11,0.0,0,0,0,0,0,0,0,0,0,0
706,Dawuane Smoot,JAX,DE,12,8,2,10,1.0,6,0,0,0,0,0,0,1,0,0
707,Isaac Rochell,LV,DE,8,7,3,10,0.0,0,2,0,0,0,0,0,0,0,0
708,Chris Board,NE,LB,17,7,3,10,0.0,0,0,0,0,0,0,0,0,0,0
709,Tony Brown II,IND,CB,12,8,2,10,0.0,0,0,1,1,34,34,0,1,0,0
710,Ka'dar Hollman,HOU,CB,17,6,4,10,0.0,0,0,0,0,0,0,0,0,1,0
711,Markus Bailey,CIN,LB,17,6,4,10,0.0,0,0,0,0,0,0,0,0,0,0
712,Charlie Woerner,SF,TE,17,6,4,10,0.0,0,0,0,0,0,0,0,0,0,0
713,Marlon Davidson,TEN,DT,5,6,4,10,1.0,8,2,0,0,0,0,0,0,0,0
714,DJ Turner,LV,WR,10,7,3,10,0.0,0,0,0,0,0,0,0,1,1,0
715,Jacob Hummel,LAR,LB,17,7,3,10,0.0,0,0,0,0,0,0,0,0,0,0
716,J.J. Russell,TB,LB,8,7,3,10,1.0,9,1,0,0,0,0,0,0,0,0
717,Malik Herring,KC,DE,7,7,3,10,1.5,10,2,1,0,0,0,0,1,0,0
718,Quinton Bohanna,DET/TEN,DT,6,5,5,10,0.0,0,2,0,0,0,0,0,0,0,0
719,D'Shawn Jamison,CAR,CB,15,6,4,10,0.0,0,0,1,0,0,0,0,0,0,0
720,Joseph Ossai,CIN,DE,14,6,4,10,1.0,0,1,1,0,0,0,0,0,0,0
721,Isaiah Foskey,NO,DE,10,5,5,10,0.5,2,0,1,0,0,0,0,0,0,0
722,Christopher Hinton,LAC,DT,3,4,6,10,0.0,0,0,0,0,0,0,0,0,0,0
723,Dee Winters,SF,LB,15,6,4,10,0.0,0,0,1,0,0,0,0,0,0,0
724,Brandin Echols,NYJ,CB,14,6,4,10,0.0,0,0,2,1,30,30,1,0,0,0
725,Justin Houston,CAR,LB,7,5,4,9,0.5,4,2,1,0,0,0,0,0,0,0
726,Matthias Farley,CAR,S,5,8,1,9,0.0,0,0,0,0,0,0,0,0,0,0
727,Romeo Okwara,DET,DE,16,3,6,9,2.0,20,1,2,0,0,0,0,1,0,0
728,Poona Ford,BUF,DT,8,5,4,9,1.0,6,1,0,0,0,0,0,0,0,0
729,Rashaan Evans,DAL,LB,9,4,5,9,0.0,0,0,0,0,0,0,0,0,0,0
730,Carter Coughlin,NYG,LB,17,9,0,9,0.0,0,0,0,0,0,0,0,0,0,0
731,Jordan Kunaszyk,CLE,LB,5,7,2,9,0.0,0,2,0,0,0,0,0,0,0,0
732,Lonnie Johnson Jr.,NO,CB,12,8,1,9,0.0,0,0,2,1,0,0,0,0,1,0
733,Pierre Strong Jr.,CLE,RB,17,7,2,9,0.0,0,0,0,0,0,0,0,1,0,0
734,Ameer Speed,IND/NE,CB,13,8,1,9,0.0,0,1,0,0,0,0,0,0,0,0
735,Jordan Mason,SF,RB,17,4,5,9,0.0,0,0,0,0,0,0,0,0,0,0
736,Desjuan Johnson,LAR,DE,11,5,4,9,2.0,10,2,0,0,0,0,0,1,0,0
737,Alex Austin,HOU/NE,CB,8,7,2,9,0.0,0,0,2,1,0,0,0,0,0,0
738,Noah Sewell,CHI,LB,13,4,5,9,0.0,0,0,0,0,0,0,0,1,0,0
739,Zach VanValkenburg,LAR,LB,9,4,5,9,1.0,8,1,0,0,0,0,0,0,0,0
740,Jeremiah Pharms Jr.,NE,DT,12,4,5,9,0.0,0,0,0,0,0,0,0,0,1,0
741,Anthony Kendall,TEN,CB,16,5,4,9,0.0,0,0,0,0,0,0,0,0,0,0
742,Keith Smith,ATL,FB,13,3,5,8,0.0,0,0,0,0,0,0,0,1,0,0
743,Frank Clark,SEA,LB,8,4,4,8,0.0,0,0,0,0,0,0,0,0,0,0
744,Ty Montgomery II,NE,WR,13,7,1,8,0.0,0,0,0,0,0,0,0,0,0,0
745,Sheldon Day,MIN,DT,6,3,5,8,0.0,0,1,0,0,0,0,0,0,1,0
746,Shaq Thompson,CAR,LB,2,6,2,8,0.0,0,0,0,0,0,0,0,0,0,0
747,Curtis Bolton,LV,LB,13,7,1,8,0.0,0,0,0,0,0,0,0,0,0,0
748,Abdullah Anderson,WSH,DT,7,5,3,8,0.5,2,1,0,0,0,0,0,0,1,0
749,D'Angelo Ross,HOU,CB,13,5,3,8,0.0,0,0,0,0,0,0,0,0,0,0
750,Duke Shelley,LAR,CB,11,7,1,8,0.0,0,0,2,0,0,0,0,0,1,0
751,Ross Matiscik,JAX,LS,17,8,0,8,0.0,0,0,0,0,0,0,0,1,1,0
752,Ben Stille,ARI,DE,5,6,2,8,1.0,0,0,0,0,0,0,0,0,0,0
753,Christian Holmes,WSH,CB,13,3,5,8,0.0,0,0,1,0,0,0,0,0,0,0
754,Daniel Thomas,JAX,S,15,7,1,8,0.0,0,0,0,0,0,0,0,0,0,0
755,Janarius Robinson,LV,DE,6,5,3,8,1.0,9,1,0,0,0,0,0,0,0,0
756,Chazz Surratt,NYJ,LB,14,6,2,8,0.0,0,0,0,0,0,0,0,0,0,0
757,Cam Brown,NYG,LB,16,7,1,8,0.0,0,0,0,0,0,0,0,1,0,0
758,Josh Blackwell,CHI,CB,10,6,2,8,0.0,0,0,0,0,0,0,0,1,0,0
759,Jordon Riley,NYG,DT,8,4,4,8,0.0,0,1,0,0,0,0,0,0,0,0
760,Phidarian Mathis,WSH,DT,10,2,6,8,0.0,0,0,0,0,0,0,0,0,1,0
761,Chandler Wooten,CAR,LB,8,2,6,8,0.0,0,0,0,0,0,0,0,0,1,0
762,Tycen Anderson,CIN,S,7,5,3,8,0.0,0,0,0,0,0,0,0,0,0,0
763,James Pierre,PIT,CB,16,6,2,8,0.0,0,0,0,0,0,0,0,0,0,0
764,Phil Hoskins,ARI,DT,5,2,6,8,0.0,0,0,0,0,0,0,0,0,0,0
765,Keondre Coburn,KC/TEN,DT,5,3,5,8,0.0,0,1,0,0,0,0,0,0,0,0
766,Kahlef Hailassie,CLE,CB,9,7,1,8,0.0,0,1,1,0,0,0,0,0,0,0
767,Channing Tindall,MIA,LB,17,3,5,8,0.0,0,0,0,0,0,0,0,0,0,0
768,Andrew Booth Jr.,MIN,CB,17,7,1,8,0.0,0,0,1,0,0,0,0,0,0,0
769,Jaquelin Roy,MIN,DT,12,3,5,8,0.0,0,1,0,0,0,0,0,0,0,0
770,Mohamoud Diabate,CLE,LB,16,3,5,8,0.0,0,0,0,0,0,0,0,0,1,0
771,Jay Ward,MIN,S,17,5,3,8,0.0,0,0,0,0,0,0,0,0,1,0
772,TK McLendon Jr.,TEN,DE,7,3,5,8,0.0,0,0,0,0,0,0,0,0,1,0
773,Melvin Ingram,MIA,LB,3,6,1,7,1.5,8,1,0,0,0,0,0,0,0,0
774,Deon Bush,KC,S,6,5,2,7,0.0,0,0,0,0,0,0,0,0,0,0
775,Tyler Matakevich,BUF,LB,17,4,3,7,0.0,0,0,0,0,0,0,0,0,0,0
776,Carlos Watkins,ARI,DT,2,4,3,7,1.0,6,1,1,0,0,0,0,0,0,0
777,Dare Ogunbowale,HOU,RB,12,5,2,7,0.0,0,0,0,0,0,0,0,1,0,0
778,Marcus Davenport,MIN,LB,4,3,4,7,2.0,17,2,0,0,0,0,0,0,0,0
779,Nik Needham,MIA,CB,10,4,3,7,0.0,0,0,0,0,0,0,0,0,0,0
780,Tae Davis,ATL/CAR,LB,16,2,5,7,0.0,0,0,0,0,0,0,0,0,0,0
781,Jacob Martin,IND,DE,17,5,2,7,2.0,11,1,0,0,0,0,0,0,0,0
782,Micah Abernathy,ATL,S,12,5,2,7,0.0,0,0,0,0,0,0,0,0,0,0
783,Irvin Charles,NYJ,WR,12,6,1,7,0.0,0,0,0,0,0,0,0,0,0,0
784,Sam Kamara,CLE,DE,2,4,3,7,0.0,0,1,0,0,0,0,0,0,0,0
785,Ko Kieft,TB,TE,16,3,4,7,0.0,0,0,0,0,0,0,0,0,0,0
786,Travis Homer,CHI,RB,16,5,2,7,0.0,0,0,0,0,0,0,0,0,0,0
787,Bryce Hall,NYJ,CB,9,5,2,7,0.0,0,0,2,1,5,5,0,0,1,1
788,Harrison Bryant,CLE,TE,17,6,1,7,0.0,0,0,0,0,0,0,0,0,0,0
789,Julian Okwara,DET,LB,9,6,1,7,2.0,8,2,1,0,0,0,0,0,0,0
790,Grant Stuard,IND,LB,17,6,1,7,0.0,0,0,0,0,0,0,0,0,0,0
791,Joey Blount,ARI,S,11,3,4,7,0.0,0,0,1,1,0,0,0,2,0,0
792,Brady Russell,SEA,TE,15,5,2,7,0.0,0,0,0,0,0,0,0,0,0,0
793,Patrick Johnson,PHI,LB,15,5,2,7,0.0,0,0,0,0,0,0,0,0,0,0
794,Mike Brown,TEN,S,9,5,2,7,0.0,0,0,1,0,0,0,0,0,0,0
795,Samuel Womack III,SF,CB,7,6,1,7,0.0,0,0,0,0,0,0,0,0,0,0
796,Myjai Sanders,HOU,LB,7,4,3,7,0.0,0,1,0,0,0,0,0,0,0,0
797,Brian Asamoah II,MIN,LB,13,2,5,7,0.0,0,0,0,0,0,0,0,0,0,0
798,NaJee Thompson,MIN,CB,15,5,2,7,0.0,0,0,0,0,0,0,0,0,1,0
799,Drake Jackson,SF,DE,8,4,3,7,3.0,20,2,1,0,0,0,0,0,0,0
800,Darrell Luter Jr.,SF,CB,7,4,3,7,0.0,0,0,0,0,0,0,0,0,0,0
801,Matthew Slater,NE,WR,16,5,1,6,0.0,0,0,0,0,0,0,0,0,0,0
802,Al Woods,NYJ,DT,6,4,2,6,1.0,2,2,0,0,0,0,0,0,0,0
803,Pharaoh Brown,NE,TE,17,5,1,6,0.0,0,0,0,0,0,0,0,0,0,0
804,Hassan Ridgeway,HOU,DT,3,1,5,6,0.0,0,0,0,0,0,0,0,0,0,0
805,Luke Gifford,TEN,LB,11,3,3,6,0.0,0,0,0,0,0,0,0,0,0,0
806,Chase Edmonds,TB,RB,13,4,2,6,0.0,0,0,0,0,0,0,0,0,0,0
807,Jeremy Reaves,WSH,S,5,4,2,6,0.0,0,0,0,0,0,0,0,0,0,0
808,Chris Lammons,IND,CB,4,4,2,6,0.0,0,0,1,0,0,0,0,0,0,0
809,Mitchell Fraboni,DEN,LS,17,2,4,6,0.0,0,0,0,0,0,0,0,1,0,0
810,Trevis Gipson,TEN,LB,8,1,5,6,1.0,8,0,0,0,0,0,0,1,0,0
811,C.J. Ham,MIN,FB,17,5,1,6,0.0,0,0,0,0,0,0,0,0,0,0
812,Cameron Goode,MIA,LB,17,3,3,6,0.0,0,0,0,0,0,0,0,0,0,0
813,Kristian Welch,GB,LB,14,4,2,6,0.0,0,0,0,0,0,0,0,0,0,0
814,Keir Thomas,LAR,LB,8,3,3,6,0.0,0,0,0,0,0,0,0,0,0,0
815,Kylen Granson,IND,TE,15,5,1,6,0.0,0,0,0,0,0,0,0,0,0,0
816,Myles Adams,SEA,DE,10,2,4,6,1.0,7,1,0,0,0,0,0,0,0,0
817,Chase Claypool,CHI/MIA,WR,12,3,3,6,0.0,0,0,0,0,0,0,0,0,0,0
818,Baylon Spector,BUF,LB,9,2,4,6,0.0,0,0,0,0,0,0,0,0,0,0
819,Garret Wallow,HOU/TEN,LB,5,5,1,6,0.0,0,0,0,0,0,0,0,0,0,0
820,DeAngelo Malone,ATL,LB,17,4,2,6,0.0,0,0,0,0,0,0,0,0,0,0
821,Mike Greene,TB,DE,10,2,4,6,0.0,0,0,0,0,0,0,0,0,0,0
822,Tristin McCollum,PHI,S,3,4,2,6,0.0,0,0,0,0,0,0,0,0,0,0
823,Matthew Jackson,TEN,S,10,3,3,6,0.0,0,0,0,0,0,0,0,0,0,0
824,Rodney Williams,PIT,TE,13,5,1,6,0.0,0,0,0,0,0,0,0,0,0,0
825,Jalen Harris,WSH,DE,5,5,1,6,0.0,0,0,1,0,0,0,0,0,0,0
826,Eric Stokes,GB,CB,3,5,1,6,0.0,0,1,0,0,0,0,0,0,0,0
827,Dyami Brown,WSH,WR,17,4,2,6,0.0,0,0,0,0,0,0,0,0,1,0
828,Israel Mukuamu,DAL,S,14,4,2,6,0.0,0,0,1,0,0,0,0,0,1,0
829,Jalyn Armour-Davis,BAL,CB,8,2,4,6,0.0,0,0,0,0,0,0,0,0,0,0
830,Riley Moss,DEN,CB,14,2,4,6,0.0,0,0,0,0,0,0,0,0,0,0
831,David Ojabo,BAL,LB,3,5,1,6,1.0,5,0,0,0,0,0,0,1,0,0
832,Isaiah McGuire,CLE,DE,4,5,1,6,1.0,12,2,0,0,0,0,0,0,0,0
833,Isaiah Land,IND,DE,7,2,4,6,1.0,0,0,0,0,0,0,0,0,0,0
834,Drew Ogletree,IND,TE,12,3,3,6,0.0,0,0,0,0,0,0,0,0,0,0
835,Josh Harris,LAC,LS,17,3,2,5,0.0,0,0,0,0,0,0,0,0,0,0
836,Charley Hughlett,CLE,LS,17,0,5,5,0.0,0,0,0,0,0,0,0,0,0,0
837,Cody Davis,NE,S,11,4,1,5,0.0,0,0,0,0,0,0,0,0,1,1
838,Michael Burton,DEN,FB,17,4,1,5,0.0,0,0,0,0,0,0,0,1,0,0
839,Justin Hardee Sr.,NYJ,CB,11,3,2,5,0.0,0,0,0,0,0,0,0,0,0,0
840,Zach Pascal,ARI,WR,14,3,2,5,0.0,0,0,0,0,0,0,0,0,0,0
841,Thomas Hennessy,NYJ,LS,17,3,2,5,0.0,0,0,0,0,0,0,0,0,0,0
842,Parry Nickerson,MIA,CB,5,5,0,5,0.0,0,0,0,0,0,0,0,0,0,0
843,Brandon Facyson,LV,CB,3,4,1,5,0.0,0,0,0,0,0,0,0,0,0,0
844,KhaDarel Hodge,ATL,WR,17,4,1,5,0.0,0,0,0,0,0,0,0,0,0,0
845,Carl Lawson,NYJ,DE,6,2,3,5,0.0,0,0,0,0,0,0,0,0,0,0
846,Jakob Johnson,LV,FB,13,4,1,5,0.0,0,0,0,0,0,0,0,0,0,0
847,Tyreek Hill,MIA,WR,16,5,0,5,0.0,0,0,0,0,0,0,0,0,0,0
848,Jalyn Holmes,NYJ,DE,5,3,2,5,1.0,5,1,0,0,0,0,0,0,0,0
849,Terry McLaurin,WSH,WR,17,5,0,5,0.0,0,0,0,0,0,0,0,0,0,0
850,Royce Freeman,LAR,RB,14,2,3,5,0.0,0,0,0,0,0,0,0,0,0,0
851,Jalen Davis,CIN,CB,16,3,2,5,0.0,0,0,1,0,0,0,0,0,0,0
852,Tremon Smith,DEN,CB,17,5,0,5,0.0,0,0,0,0,0,0,0,0,1,0
853,Roderic Teamer,LV,S,6,4,1,5,0.0,0,0,0,0,0,0,0,0,0,0
854,Justin Strnad,DEN,LB,17,4,1,5,0.0,0,0,0,0,0,0,0,0,0,0
855,Adam Prentice,NO,FB,13,1,4,5,0.0,0,0,0,0,0,0,0,0,0,0
856,Miles Boykin,PIT,WR,17,4,1,5,0.0,0,0,0,0,0,0,0,0,0,0
857,Devin Harper,CIN/DAL,LB,9,4,1,5,0.0,0,0,0,0,0,0,0,0,0,0
858,Levi Onwuzurike,DET,DE,10,4,1,5,1.0,11,1,0,0,0,0,0,0,0,0
859,Caleb Johnson,JAX,LB,17,4,1,5,0.0,0,0,0,0,0,0,0,0,0,0
860,Sam Roberts,NE,DT,7,2,3,5,0.0,0,0,0,0,0,0,0,0,0,0
861,David Moore,TB,WR,7,3,2,5,0.0,0,0,0,0,0,0,0,0,0,0
862,Kingsley Jonathan,BUF,DE,13,3,2,5,0.0,0,0,0,0,0,0,0,1,0,0
863,Chris Rumph II,LAC,LB,6,4,1,5,0.0,0,0,0,0,0,0,0,0,1,0
864,Charlie Kolar,BAL,TE,15,4,1,5,0.0,0,0,0,0,0,0,0,0,0,0
865,Marcus Jones,NE,CB,2,4,1,5,0.0,0,0,0,0,0,0,0,0,1,0
866,Earnest Brown IV,LAR,DE,7,2,3,5,0.0,0,0,0,0,0,0,0,0,0,0
867,Raheem Layne,LAC,S,5,3,2,5,0.0,0,0,0,0,0,0,0,0,0,0
868,Robert Beal Jr.,SF,DE,4,2,3,5,1.0,7,1,0,0,0,0,0,0,0,0
869,Mario Goodrich,PHI,CB,4,3,2,5,0.0,0,0,0,0,0,0,0,0,0,0
870,Daniel Bellinger,NYG,TE,17,2,3,5,0.0,0,0,0,0,0,0,0,0,0,0
871,Divaad Wilson,ARI,CB,2,4,1,5,0.0,0,0,0,0,0,0,0,0,0,0
872,Jason Taylor II,LAR,S,8,5,0,5,0.0,0,0,0,0,0,0,0,0,0,0
873,Chase Brown,CIN,RB,12,2,3,5,0.0,0,0,0,0,0,0,0,0,0,0
874,JT Woods,LAC,S,3,5,0,5,0.0,0,0,0,0,0,0,0,0,0,0
875,Vincent Gray,CLE,CB,1,4,1,5,0.0,0,0,2,0,0,0,0,0,0,0
876,Adetomiwa Adebawore,IND,DT,10,4,1,5,1.5,13,1,0,0,0,0,0,0,0,0
877,Kyu Blu Kelly,SEA/WSH/GB,CB,8,5,0,5,0.0,0,1,0,0,0,0,0,0,0,0
878,Tre Tucker,LV,WR,16,4,1,5,0.0,0,0,0,0,0,0,0,0,0,0
879,Jordan Addison,MIN,WR,17,5,0,5,0.0,0,0,0,0,0,0,0,0,0,0
880,Nahshon Wright,DAL,CB,12,3,2,5,0.0,0,0,1,0,0,0,0,0,0,0
881,Tucker Kraft,GB,TE,17,3,2,5,0.0,0,0,0,0,0,0,0,0,0,0
882,Tyson Alualu,DET,DT,2,3,1,4,0.0,0,0,0,0,0,0,0,0,0,0
883,Josh Norman,BUF,CB,3,3,1,4,0.0,0,0,0,0,0,0,0,0,0,0
884,Brandon Bolden,LV,RB,17,3,1,4,0.0,0,0,0,0,0,0,0,0,0,0
885,Mike Pennel Jr.,KC,DT,3,2,2,4,0.0,0,1,0,0,0,0,0,0,0,0
886,Casey Kreiter,NYG,LS,17,4,0,4,0.0,0,0,0,0,0,0,0,0,0,0
887,Tyler Ott,BAL,LS,17,3,1,4,0.0,0,0,0,0,0,0,0,0,0,0
888,C.J. Goodwin,DAL,CB,5,4,0,4,0.0,0,0,0,0,0,0,0,0,0,0
889,Sam Eguavoen,NYJ,LB,15,3,1,4,0.0,0,0,0,0,0,0,0,0,1,0
890,Chris Wormley,CAR,DE,5,1,3,4,0.0,0,0,0,0,0,0,0,0,0,0
891,Blake Martinez,PIT,LB,1,2,2,4,0.0,0,0,0,0,0,0,0,0,0,0
892,Christian Kuntz,PIT,LS,17,2,2,4,0.0,0,0,0,0,0,0,0,0,0,0
893,Patrick O'Connor,TB,DE,11,2,2,4,0.0,0,2,0,0,0,0,0,0,0,0
894,Dylan Cole,CHI,LB,16,2,2,4,0.0,0,0,0,0,0,0,0,0,0,0
895,Mack Hollins,ATL,WR,13,3,1,4,0.0,0,0,0,0,0,0,0,0,0,0
896,Kevin Rader,TEN,TE,14,2,2,4,0.0,0,0,0,0,0,0,0,0,0,0
897,Bruce Hector,NYJ,DT,2,2,2,4,0.0,0,1,0,0,0,0,0,0,0,0
898,Jason Cabinda,DET,FB,4,4,0,4,0.0,0,0,0,0,0,0,0,0,0,0
899,Oshane Ximines,NYG,LB,3,1,3,4,0.0,0,0,0,0,0,0,0,0,0,0
900,Blake Lynch,LAC,LB,7,3,1,4,0.0,0,0,0,0,0,0,0,0,0,0
901,Josiah Deguara,GB,TE,15,3,1,4,0.0,0,0,0,0,0,0,0,0,0,0
902,K.J. Osborn,MIN,WR,16,4,0,4,0.0,0,0,0,0,0,0,0,0,0,0
903,T.J. Smith,MIN,DT,3,1,3,4,0.0,0,0,0,0,0,0,0,0,0,0
904,Mitchell Wilcox,CIN,TE,17,3,1,4,0.0,0,0,0,0,0,0,0,0,0,0
905,Kendall Sheffield,TEN,CB,5,4,0,4,0.0,0,1,0,0,0,0,0,0,0,0
906,Zayne Anderson,GB,S,10,3,1,4,0.0,0,0,0,0,0,0,0,0,0,0
907,Jesper Horsted,LV,TE,13,1,3,4,0.0,0,0,0,0,0,0,0,0,0,0
908,Bobby Price,ARI,CB,6,3,1,4,0.0,0,0,0,0,0,0,0,0,1,0
909,Robert Rochell,GB,CB,9,4,0,4,0.0,0,0,0,0,0,0,0,0,0,0
910,Velus Jones Jr.,CHI,WR,14,1,3,4,0.0,0,0,0,0,0,0,0,0,0,0
911,Shemar Jean-Charles,SF/NO,CB,8,3,1,4,0.0,0,0,0,0,0,0,0,0,0,0
912,Tayler Hawkins,SF,S,1,3,1,4,0.0,0,0,1,1,0,0,0,0,0,0
913,Amen Ogbongbemiga,LAC,LB,15,2,2,4,0.0,0,0,0,0,0,0,0,0,2,0
914,Innis Gaines,GB,S,4,3,1,4,0.0,0,0,0,0,0,0,0,0,0,0
915,Elijah Garcia,DEN,DT,3,1,3,4,1.0,4,0,0,0,0,0,0,1,0,0
916,Patrick Taylor Jr.,GB,RB,11,3,1,4,0.0,0,0,0,0,0,0,0,0,0,0
917,Trevon Diggs,DAL,CB,2,4,0,4,0.0,0,0,3,1,8,8,0,1,0,0
918,Timmy Horne,ATL/NYG,DT,4,0,4,4,0.0,0,0,1,0,0,0,0,0,0,0
919,AJ Parker,CAR,CB,1,1,3,4,0.0,0,0,0,0,0,0,0,0,0,0
920,Noah Gray,KC,TE,17,4,0,4,0.0,0,0,0,0,0,0,0,0,0,0
921,Buddy Johnson,DAL,LB,2,3,1,4,0.0,0,0,0,0,0,0,0,0,0,0
922,Gabe Davis,BUF,WR,17,4,0,4,0.0,0,0,0,0,0,0,0,0,0,0
923,Andre Jones Jr.,WSH,DE,14,1,3,4,0.0,0,0,3,0,0,0,0,0,0,0
924,Jalen Tolbert,DAL,WR,17,4,0,4,0.0,0,0,0,0,0,0,0,0,0,0
925,Colton Dowell,TEN,WR,10,3,1,4,0.0,0,0,0,0,0,0,0,0,0,0
926,Tariq Castro-Fields,WSH,CB,8,3,1,4,0.0,0,0,0,0,0,0,0,0,0,0
927,Nick Hampton,LAR,LB,10,2,2,4,0.0,0,0,1,0,0,0,0,0,0,0
928,Eku Leota,CAR,LB,8,2,2,4,0.0,0,0,0,0,0,0,0,0,0,0
929,PJ Mustipher,NO,DT,4,1,3,4,0.0,0,0,0,0,0,0,0,0,0,0
930,Andrei Iosivas,CIN,WR,16,3,1,4,0.0,0,0,0,0,0,0,0,0,0,0
931,Cameron McGrone,IND,LB,12,2,2,4,0.0,0,0,0,0,0,0,0,0,0,0
932,Tommy Tremble,CAR,TE,16,3,1,4,0.0,0,0,0,0,0,0,0,0,0,0
933,Markees Watts,TB,LB,7,4,0,4,1.0,6,1,0,0,0,0,0,0,0,0
934,Amon-Ra St. Brown,DET,WR,16,2,2,4,0.0,0,0,0,0,0,0,0,1,0,0
935,John FitzPatrick,ATL,TE,9,4,0,4,0.0,0,0,0,0,0,0,0,0,0,0
936,Hunter Luepke,DAL,RB,17,3,1,4,0.0,0,0,0,0,0,0,0,0,0,0
937,Craig Reynolds,DET,RB,17,2,2,4,0.0,0,0,0,0,0,0,0,0,0,0
938,Anthony Pittman,DET,LB,17,2,2,4,0.0,0,0,0,0,0,0,0,0,0,0
939,Nic Jones,KC,CB,9,4,0,4,0.0,0,1,0,0,0,0,0,0,0,0
940,Sam LaPorta,DET,TE,17,1,3,4,0.0,0,0,0,0,0,0,0,0,0,0
941,Byron Young,LV,DT,6,4,0,4,0.0,0,0,0,0,0,0,0,0,0,0
942,Garrett Wilson,NYJ,WR,17,4,0,4,0.0,0,0,0,0,0,0,0,0,0,0
943,Von Miller,BUF,LB,12,2,1,3,0.0,0,0,0,0,0,0,0,0,0,0
944,Andrew DePaola,MIN,LS,17,1,2,3,0.0,0,0,0,0,0,0,0,0,0,0
945,DeAndre Hopkins,TEN,WR,17,3,0,3,0.0,0,0,0,0,0,0,0,0,0,0
946,Kerry Hyder Jr.,HOU,DE,6,3,0,3,1.0,7,2,0,0,0,0,0,0,0,0
947,Carl Davis Jr.,DAL,DT,3,0,3,3,0.0,0,0,0,0,0,0,0,0,0,0
948,Mitch Morse,BUF,C,17,2,1,3,0.0,0,0,0,0,0,0,0,0,0,0
949,Rick Lovato,PHI,LS,17,2,1,3,0.0,0,0,0,0,0,0,0,1,0,0
950,Luke Rhodes,IND,LS,17,1,2,3,0.0,0,0,0,0,0,0,0,0,0,0
951,Chris Moore,TEN,WR,17,2,1,3,0.0,0,0,0,0,0,0,0,1,0,0
952,Tyler Lockett,SEA,WR,17,3,0,3,0.0,0,0,0,0,0,0,0,0,0,0
953,Kevon Seymour,BAL,CB,8,3,0,3,0.0,0,0,0,0,0,0,0,0,1,0
954,Stefon Diggs,BUF,WR,17,3,0,3,0.0,0,0,0,0,0,0,0,0,0,0
955,Reid Ferguson,BUF,LS,17,2,1,3,0.0,0,0,0,0,0,0,0,0,0,0
956,Dwayne Washington,DEN,RB,13,1,2,3,0.0,0,0,0,0,0,0,0,0,0,0
957,Tyler Lancaster,DEN,DT,3,2,1,3,0.0,0,1,0,0,0,0,0,0,0,0
958,Wyatt Teller,CLE,G,17,2,1,3,0.0,0,0,0,0,0,0,0,0,0,0
959,Matt Breida,NYG,RB,17,3,0,3,0.0,0,0,0,0,0,0,0,0,0,0
960,Evan Engram,JAX,TE,17,3,0,3,0.0,0,0,0,0,0,0,0,0,0,0
961,Daniel Ekuale,NE,DT,3,2,1,3,0.0,0,0,0,0,0,0,0,1,0,0
962,Jonnu Smith,ATL,TE,17,3,0,3,0.0,0,0,0,0,0,0,0,0,0,0
963,Jamal Agnew,JAX,WR,11,3,0,3,0.0,0,0,0,0,0,0,0,0,0,0
964,Zach Triner,TB,LS,17,2,1,3,0.0,0,0,0,0,0,0,0,0,0,0
965,Curtis Samuel,WSH,WR,16,3,0,3,0.0,0,0,0,0,0,0,0,0,0,0
966,Trent Sherfield Sr.,BUF,WR,17,2,1,3,0.0,0,0,0,0,0,0,0,0,0,0
967,Malik Reed,MIA,LB,4,1,2,3,0.0,0,0,0,0,0,0,0,0,0,0
968,Sean Chandler,WSH,S,2,2,1,3,0.0,0,0,0,0,0,0,0,0,0,0
969,Malik Jefferson,DAL,LB,3,2,1,3,0.0,0,1,0,0,0,0,0,0,0,0
970,Kyle Phillips,NO,DE,5,1,2,3,0.0,0,0,0,0,0,0,0,0,0,0
971,DJ Moore,CHI,WR,17,3,0,3,0.0,0,0,0,0,0,0,0,1,0,0
972,Liam McCullough,ATL,LS,17,1,2,3,0.0,0,0,0,0,0,0,0,0,0,0
973,Jacob Bobenmoyer,LV,LS,17,1,2,3,0.0,0,0,0,0,0,0,0,0,0,0
974,JoJo Domann,TEN,LB,5,1,2,3,0.0,0,0,0,0,0,0,0,0,0,0
975,Trayveon Williams,CIN,RB,17,3,0,3,0.0,0,0,0,0,0,0,0,0,0,0
976,Byron Pringle,WSH,WR,17,3,0,3,0.0,0,0,0,0,0,0,0,0,0,0
977,Joe Bachie,CIN,LB,16,0,3,3,0.0,0,0,0,0,0,0,0,0,0,0
978,Reggie Gilliam,BUF,FB,17,2,1,3,0.0,0,0,0,0,0,0,0,1,0,0
979,Darnell Mooney,CHI,WR,15,2,1,3,0.0,0,0,0,0,0,0,0,0,0,0
980,Shyheim Carter,TEN,S,3,1,2,3,0.0,0,0,0,0,0,0,0,0,0,0
981,Curtis Robinson,SF,LB,3,3,0,3,0.0,0,0,0,0,0,0,0,0,0,0
982,Chase Lucas,DET,CB,12,2,1,3,0.0,0,0,0,0,0,0,0,0,0,0
983,John Bates,WSH,TE,17,3,0,3,0.0,0,0,0,0,0,0,0,0,0,0
984,Cory Durden,LAR,DT,4,1,2,3,0.0,0,0,0,0,0,0,0,0,0,0
985,DeeJay Dallas,SEA,RB,17,0,3,3,0.0,0,0,0,0,0,0,0,0,0,0
986,Connor Heyward,PIT,TE,17,2,1,3,0.0,0,0,0,0,0,0,0,0,0,0
987,Ty Chandler,MIN,RB,17,1,2,3,0.0,0,0,0,0,0,0,0,0,0,0
988,Peyton Hendershot,DAL,TE,8,1,2,3,0.0,0,0,0,0,0,0,0,0,0,0
989,Cole Kmet,CHI,TE,17,2,1,3,0.0,0,0,0,0,0,0,0,0,0,0
990,Kana'i Mauga,LV,LB,5,1,2,3,0.0,0,0,0,0,0,0,0,0,0,0
991,Trey McBride,ARI,TE,17,2,1,3,0.0,0,0,0,0,0,0,0,0,0,0
992,Pat Freiermuth,PIT,TE,12,2,1,3,0.0,0,0,0,0,0,0,0,1,0,0
993,Moro Ojomo,PHI,DT,8,2,1,3,0.0,0,0,0,0,0,0,0,0,0,0
994,DJ Ivey,CIN,CB,8,3,0,3,0.0,0,0,1,0,0,0,0,0,1,0
995,Kelvin Joseph,MIA/SEA,CB,5,3,0,3,0.0,0,0,0,0,0,0,0,0,0,0
996,Darius Rush,PIT,CB,3,2,1,3,0.0,0,0,1,0,0,0,0,0,0,0
997,Brodric Martin,DET,DT,3,1,2,3,0.0,0,0,0,0,0,0,0,0,0,0
998,Quindell Johnson,CHI,S,9,2,1,3,0.0,0,0,1,1,0,0,0,0,0,0
999,Jaylen Waddle,MIA,WR,14,3,0,3,0.0,0,0,0,0,0,0,0,0,0,0
1000,Chance Campbell,TEN,LB,4,1,2,3,0.0,0,0,0,0,0,0,0,0,0,0
1001,Ronnie Bell,SF,WR,17,2,1,3,0.0,0,0,0,0,0,0,0,0,1,0
1002,Jashaun Corbin,NYG,RB,6,2,1,3,0.0,0,0,0,0,0,0,0,0,0,0
1003,Andrew Farmer II,LAC,LB,8,1,2,3,0.0,0,0,0,0,0,0,0,0,0,0
1004,Roschon Johnson,CHI,RB,15,1,2,3,0.0,0,0,0,0,0,0,0,0,0,0
1005,Drake London,ATL,WR,16,3,0,3,0.0,0,0,0,0,0,0,0,0,0,0
1006,Elijah Higgins,ARI,TE,11,0,3,3,0.0,0,0,0,0,0,0,0,0,0,0
1007,AJ Finley,LAC,S,12,1,2,3,0.0,0,0,0,0,0,0,0,1,0,0
1008,Rashee Rice,KC,WR,16,3,0,3,0.0,0,0,0,0,0,0,0,0,0,0
1009,Drake Thomas,SEA,LB,7,1,2,3,0.0,0,0,0,0,0,0,0,0,0,0
1010,Michael Mayer,LV,TE,14,2,1,3,0.0,0,0,0,0,0,0,0,0,0,0
1011,Tyler Smith,DAL,OT,14,2,1,3,0.0,0,0,0,0,0,0,0,0,0,0
1012,Mike Morris,SEA,DE,1,2,1,3,0.0,0,0,0,0,0,0,0,0,0,0
1013,Perrion Winfrey,NYJ,DT,1,1,2,3,0.0,0,0,0,0,0,0,0,0,0,0
1014,Tyrus Wheat,DAL,DE,12,2,1,3,0.0,0,0,0,0,0,0,0,0,0,0
1015,JJ Jansen,CAR,LS,17,1,1,2,0.0,0,0,0,0,0,0,0,0,0,0
1016,Jason Pierre-Paul,MIA,LB,3,1,1,2,0.0,0,0,0,0,0,0,0,0,0,0
1017,Robert Woods,HOU,WR,14,1,1,2,0.0,0,0,0,0,0,0,0,0,0,0
1018,Dustin Hopkins,CLE,PK,15,2,0,2,0.0,0,0,0,0,0,0,0,0,0,0
1019,Joel Bitonio,CLE,G,15,2,0,2,0.0,0,0,0,0,0,0,0,0,0,0
1020,Allen Robinson II,PIT,WR,17,2,0,2,0.0,0,0,0,0,0,0,0,0,0,0
1021,Logan Thomas,WSH,TE,16,1,1,2,0.0,0,0,0,0,0,0,0,0,0,0
1022,Taysom Hill,NO,QB,16,2,0,2,0.0,0,0,0,0,0,0,0,0,0,0
1023,Laken Tomlinson,NYJ,G,17,2,0,2,0.0,0,0,0,0,0,0,0,0,0,0
1024,Tyler Higbee,LAR,TE,15,2,0,2,0.0,0,0,0,0,0,0,0,0,0,0
1025,C.J. Uzomah,NYJ,TE,12,2,0,2,0.0,0,0,0,0,0,0,0,0,0,0
1026,Zach Wood,NO,LS,17,0,2,2,0.0,0,0,0,0,0,0,0,0,0,0
1027,DeVante Parker,NE,WR,13,2,0,2,0.0,0,0,0,0,0,0,0,0,0,0
1028,T.Y. McGill,SF,DT,2,1,1,2,0.0,0,0,0,0,0,0,0,1,0,0
1029,Ka'imi Fairbairn,HOU,PK,12,2,0,2,0.0,0,0,0,0,0,0,0,0,0,0
1030,Nick Vigil,MIN,LB,8,0,2,2,0.0,0,0,0,0,0,0,0,0,0,0
1031,Joe Jones,TEN,LB,4,0,2,2,0.0,0,0,0,0,0,0,0,0,0,0
1032,Robert Tonyan,CHI,TE,17,1,1,2,0.0,0,0,0,0,0,0,0,0,0,0
1033,Cooper Kupp,LAR,WR,12,1,1,2,0.0,0,0,0,0,0,0,0,0,0,0
1034,Mo Alie-Cox,IND,TE,17,0,2,2,0.0,0,0,0,0,0,0,0,0,0,0
1035,Tanzel Smart,NYJ,DT,4,1,1,2,0.0,0,0,0,0,0,0,0,0,0,0
1036,Kendal Vickers,BUF,DT,2,1,1,2,0.0,0,0,0,0,0,0,0,0,0,0
1037,Calvin Munson,MIA/NE,LB,8,2,0,2,0.0,0,0,0,0,0,0,0,0,0,0
1038,Laquon Treadwell,BAL,WR,5,1,1,2,0.0,0,0,0,0,0,0,0,0,0,0
1039,Johnny Mundt,MIN,TE,17,1,1,2,0.0,0,0,0,0,0,0,0,0,0,0
1040,Trent Sieg,DAL,LS,17,1,1,2,0.0,0,0,0,0,0,0,0,0,0,0
1041,Jaylon Smith,PIT,LB,1,2,0,2,0.0,0,0,0,0,0,0,0,0,0,0
1042,Durham Smythe,MIA,TE,16,2,0,2,0.0,0,0,0,0,0,0,0,0,0,0
1043,Dallin Leavitt,DEN,S,10,1,1,2,0.0,0,0,0,0,0,0,0,0,0,0
1044,Zay Jones,JAX,WR,9,2,0,2,0.0,0,0,0,0,0,0,0,0,0,0
1045,Chase Winovich,MIA,DE,3,1,1,2,0.0,0,0,0,0,0,0,0,0,0,0
1046,Chris Godwin,TB,WR,17,1,1,2,0.0,0,0,0,0,0,0,0,0,0,0
1047,Ty Summers,NO,LB,15,1,1,2,0.0,0,0,0,0,0,0,0,0,0,0
1048,L.J. Collier,ARI,DE,1,2,0,2,0.0,0,0,0,0,0,0,0,0,0,0
1049,Christian McCaffrey,SF,RB,16,2,0,2,0.0,0,0,0,0,0,0,0,0,0,0
1050,Justin Watson,KC,WR,16,2,0,2,0.0,0,0,0,0,0,0,0,0,0,0
1051,JuJu Smith-Schuster,NE,WR,11,2,0,2,0.0,0,0,0,0,0,0,0,0,0,0
1052,David Njoku,CLE,TE,16,2,0,2,0.0,0,0,0,0,0,0,0,0,0,0
1053,Dalton Risner,MIN,G,15,2,0,2,0.0,0,0,0,0,0,0,0,0,0,0
1054,Cody Thompson,SEA,WR,7,2,0,2,0.0,0,0,0,0,0,0,0,0,0,0
1055,Mike Boone,HOU,RB,9,2,0,2,0.0,0,0,0,0,0,0,0,0,0,0
1056,Ben Niemann,DEN,LB,7,1,1,2,0.0,0,0,0,0,0,0,0,0,0,0
1057,Efe Obada,WSH,DE,5,1,1,2,0.0,0,0,0,0,0,0,0,0,0,0
1058,Scotty Miller,ATL,WR,17,1,1,2,0.0,0,0,0,0,0,0,0,0,0,0
1059,Ty Johnson,BUF,RB,10,1,1,2,0.0,0,0,0,0,0,0,0,0,0,0
1060,Joe Gaziano,ATL,DE,2,1,1,2,0.0,0,0,0,0,0,0,0,0,0,0
1061,Geron Christian,HOU/CLE,OT,10,1,1,2,0.0,0,0,0,0,0,0,0,0,0,0
1062,Giovanni Ricci,CAR,FB,5,2,0,2,0.0,0,0,0,0,0,0,0,0,0,0
1063,Tae Hayes,NYJ,CB,1,2,0,2,0.0,0,0,0,0,0,0,0,0,0,0
1064,Dan Chisena,ARI,WR,4,0,2,2,0.0,0,0,0,0,0,0,0,0,0,0
1065,Kris Boyd,ARI/HOU,CB,6,1,1,2,0.0,0,0,0,0,0,0,0,0,0,0
1066,Trenton Irwin,CIN,WR,16,2,0,2,0.0,0,0,0,0,0,0,0,0,0,0
1067,Greg Joseph,MIN,PK,17,2,0,2,0.0,0,0,0,0,0,0,0,0,0,0
1068,Connor McGovern,BUF,G,17,2,0,2,0.0,0,0,0,0,0,0,0,0,0,0
1069,Jack Stoll,PHI,TE,17,1,1,2,0.0,0,0,0,0,0,0,0,0,0,0
1070,Joejuan Williams,CHI/MIN,CB,6,1,1,2,0.0,0,0,2,0,0,0,0,0,0,0
1071,McTelvin Agim,IND,DT,1,0,2,2,0.0,0,0,0,0,0,0,0,0,0,0
1072,Damar Hamlin,BUF,S,5,2,0,2,0.0,0,0,0,0,0,0,0,0,0,0
1073,Sean McKeon,DAL,TE,9,1,1,2,0.0,0,0,0,0,0,0,0,0,0,0
1074,Michael Gallup,DAL,WR,17,2,0,2,0.0,0,0,0,0,0,0,0,0,0,0
1075,Greg Dortch,ARI,WR,16,1,1,2,0.0,0,0,0,0,0,0,0,0,0,0
1076,Shaquille Quarterman,JAX,LB,17,1,1,2,0.0,0,0,0,0,0,0,0,0,0,0
1077,Ross Blacklock,JAX/TEN,DT,4,1,1,2,0.0,0,0,0,0,0,0,0,0,0,0
1078,Devin Duvernay,BAL,WR,13,2,0,2,0.0,0,0,0,0,0,0,0,0,1,0
1079,Luke Farrell,JAX,TE,17,2,0,2,0.0,0,0,0,0,0,0,0,0,0,0
1080,Eric Banks,ARI,DE,2,2,0,2,0.0,0,0,0,0,0,0,0,0,0,0
1081,Devin Singletary,HOU,RB,17,1,1,2,0.0,0,0,0,0,0,0,0,0,0,0
1082,Jabril Cox,WSH,LB,10,2,0,2,0.0,0,0,0,0,0,0,0,0,0,0
1083,Irv Smith Jr.,CIN,TE,12,2,0,2,0.0,0,0,0,0,0,0,0,0,0,0
1084,Kenny Yeboah,NYJ,TE,5,1,1,2,0.0,0,0,0,0,0,0,0,0,0,0
1085,Blake Gillikin,ARI,P,13,1,1,2,0.0,0,0,0,0,0,0,0,0,0,0
1086,Chris Evans,CIN,RB,8,2,0,2,0.0,0,0,0,0,0,0,0,0,0,0
1087,Josh Jacobs,LV,RB,13,2,0,2,0.0,0,0,0,0,0,0,0,0,0,0
1088,DK Metcalf,SEA,WR,16,2,0,2,0.0,0,0,0,0,0,0,0,0,0,0
1089,Desmond Ridder,ATL,QB,15,2,0,2,0.0,0,0,0,0,0,0,0,0,0,0
1090,Travis Etienne Jr.,JAX,RB,17,2,0,2,0.0,0,0,0,0,0,0,0,0,0,0
1091,Tariq Carpenter,PIT,S,3,1,1,2,0.0,0,0,0,0,0,0,0,0,0,0
1092,Ihmir Smith-Marsette,CAR,WR,17,1,1,2,0.0,0,0,0,0,0,0,0,0,0,0
1093,Carter Warren,NYJ,OT,8,2,0,2,0.0,0,0,0,0,0,0,0,0,0,0
1094,Marquise Brown,ARI,WR,14,2,0,2,0.0,0,0,0,0,0,0,0,0,0,0
1095,Grant Calcaterra,PHI,TE,15,0,2,2,0.0,0,0,0,0,0,0,0,0,0,0
1096,Creed Humphrey,KC,C,17,2,0,2,0.0,0,0,0,0,0,0,0,1,0,0
1097,Tylan Wallace,BAL,WR,11,2,0,2,0.0,0,0,0,0,0,0,0,0,0,0
1098,DeVonta Smith,PHI,WR,16,2,0,2,0.0,0,0,0,0,0,0,0,0,0,0
1099,Jedrick Wills Jr.,CLE,OT,8,2,0,2,0.0,0,0,0,0,0,0,0,0,0,0
1100,Derrek Pitts,TB,CB,4,2,0,2,0.0,0,0,0,0,0,0,0,0,0,0
1101,Josiah Scott,PHI,CB,4,1,1,2,0.0,0,0,0,0,0,0,0,0,0,0
1102,Rashawn Slater,LAC,OT,17,1,1,2,0.0,0,0,0,0,0,0,0,0,0,0
1103,Brock Wright,DET,TE,14,2,0,2,0.0,0,0,0,0,0,0,0,0,0,0
1104,Gary Brightwell,NYG,RB,7,2,0,2,0.0,0,0,0,0,0,0,0,0,0,0
1105,Travis Bell,ATL,DT,2,2,0,2,0.0,0,0,0,0,0,0,0,0,0,0
1106,Brandon Pili,MIA,DT,4,1,1,2,0.0,0,0,0,0,0,0,0,0,0,0
1107,Jordan Stout,BAL,P,17,2,0,2,0.0,0,0,0,0,0,0,0,0,0,0
1108,Justin Jefferson,MIN,WR,10,2,0,2,0.0,0,0,0,0,0,0,0,0,0,0
1109,Alec Pierce,IND,WR,17,2,0,2,0.0,0,0,0,0,0,0,0,0,0,0
1110,Kyle Pitts,ATL,TE,17,2,0,2,0.0,0,0,0,0,0,0,0,0,0,0
1111,Antonio Gibson,WSH,RB,16,1,1,2,0.0,0,0,0,0,0,0,0,0,0,0
1112,Jake Bobo,SEA,WR,17,2,0,2,0.0,0,0,0,0,0,0,0,0,0,0
1113,Charlie Thomas III,CLE,LB,3,2,0,2,0.0,0,0,0,0,0,0,0,0,0,0
1114,Tutu Atwell,LAR,WR,16,2,0,2,0.0,0,0,0,0,0,0,0,0,0,0
1115,Benny Sapp III,GB,S,5,1,1,2,0.0,0,0,0,0,0,0,0,0,0,0
1116,Isaiah Likely,BAL,TE,17,2,0,2,0.0,0,0,0,0,0,0,0,0,0,0
1117,Jeremy Ruckert,NYJ,TE,15,1,1,2,0.0,0,0,0,0,0,0,0,0,0,0
1118,Romeo Doubs,GB,WR,17,2,0,2,0.0,0,0,0,0,0,0,0,0,0,0
1119,Brock Purdy,SF,QB,16,2,0,2,0.0,0,0,0,0,0,0,0,0,0,0
1120,Zamir White,LV,RB,17,1,1,2,0.0,0,0,0,0,0,0,0,0,0,0
1121,Tanner McCalister,CLE,S,3,1,1,2,0.0,0,0,0,0,0,0,0,0,0,0
1122,Jarrick Bernard-Converse,NYJ,S,8,1,1,2,0.0,0,0,0,0,0,0,0,0,0,0
1123,Ochaun Mathis,LAR,LB,8,1,1,2,0.0,0,0,0,0,0,0,0,0,0,0
1124,Nesta Jade Silvera,LV,DT,2,1,1,2,0.0,0,0,0,0,0,0,0,0,0,0
1125,Ja'Marr Chase,CIN,WR,16,2,0,2,0.0,0,0,0,0,0,0,0,0,0,0
1126,Julius Chestnut,TEN,RB,3,1,1,2,0.0,0,0,0,0,0,0,0,0,0,0
1127,Luke Schoonmaker,DAL,TE,17,2,0,2,0.0,0,0,0,0,0,0,0,0,0,0
1128,Elijah Moore,CLE,WR,17,2,0,2,0.0,0,0,0,0,0,0,0,0,0,0
1129,Deven Thompkins,TB,WR,17,1,1,2,0.0,0,0,0,0,0,0,0,0,0,0
1130,Dalton Kincaid,BUF,TE,16,2,0,2,0.0,0,0,0,0,0,0,0,0,0,0
1131,Jonathan Mingo,CAR,WR,15,2,0,2,0.0,0,0,0,0,0,0,0,0,0,0
1132,Davis Allen,LAR,TE,15,2,0,2,0.0,0,0,0,0,0,0,0,0,0,0
1133,Ikem Ekwonu,CAR,OT,17,1,1,2,0.0,0,0,0,0,0,0,0,0,0,0
1134,Xavier Gipson,NYJ,WR,17,2,0,2,0.0,0,0,0,0,0,0,0,0,0,0
1135,Breece Hall,NYJ,RB,17,2,0,2,0.0,0,0,0,0,0,0,0,0,0,0
1136,Tyjae Spears,TEN,RB,17,2,0,2,0.0,0,0,0,0,0,0,0,0,0,0
1137,Skyy Moore,KC,WR,14,2,0,2,0.0,0,0,0,0,0,0,0,0,0,0
1138,Bijan Robinson,ATL,RB,17,2,0,2,0.0,0,0,0,0,0,0,0,0,0,0
1139,Jaxon Smith-Njigba,SEA,WR,17,2,0,2,0.0,0,0,0,0,0,0,0,0,0,0
1140,Tyler Scott,CHI,WR,17,2,0,2,0.0,0,0,0,0,0,0,0,0,0,0
1141,Cam Smith,MIA,CB,15,1,1,2,0.0,0,0,0,0,0,0,0,0,0,0
1142,Andre Carter II,MIN,LB,12,0,2,2,0.0,0,0,0,0,0,0,0,0,0,0
1143,Keaton Mitchell,BAL,RB,8,1,1,2,0.0,0,0,0,0,0,0,0,0,0,0
1144,Xavier Hutchinson,HOU,WR,16,2,0,2,0.0,0,0,0,0,0,0,0,0,0,0
1145,Marvin Mims Jr.,DEN,WR,16,2,0,2,0.0,0,0,0,0,0,0,0,0,0,0
1146,Josh Downs,IND,WR,17,2,0,2,0.0,0,0,0,0,0,0,0,0,0,0
1147,Malik Heath,GB,WR,13,2,0,2,0.0,0,0,0,0,0,0,0,0,0,0
1148,BJ Thompson,KC,DE,1,2,0,2,0.0,0,0,0,0,0,0,0,0,0,0
1149,Thomas Incoom,DEN,LB,4,1,1,2,0.0,0,0,0,0,0,0,0,0,0,0
1150,Caleb Murphy,TEN,LB,3,1,1,2,0.0,0,0,0,0,0,0,0,0,0,0
1151,Duane Brown,NYJ,OT,5,1,0,1,0.0,0,0,0,0,0,0,0,0,0,0
1152,Trent Williams,SF,OT,15,0,1,1,0.0,0,0,0,0,0,0,0,0,0,0
1153,Jon Weeks,HOU,LS,17,0,1,1,0.0,0,0,0,0,0,0,0,0,0,0
1154,Morgan Cox,TEN,LS,17,1,0,1,0.0,0,0,0,0,0,0,0,0,0,0
1155,Jake McQuaide,DET,LS,9,0,1,1,0.0,0,0,0,0,0,0,0,0,0,0
1156,Ryan Tannehill,TEN,QB,10,1,0,1,0.0,0,0,0,0,0,0,0,0,0,0
1157,Russell Wilson,DEN,QB,15,1,0,1,0.0,0,0,0,0,0,0,0,0,0,0
1158,Kevin Zeitler,BAL,G,15,1,0,1,0.0,0,0,0,0,0,0,0,0,0,0
1159,Bruce Irvin,DET,LB,3,1,0,1,1.0,10,1,0,0,0,0,0,0,0,0
1160,Bryan Anger,DAL,P,17,1,0,1,0.0,0,0,0,0,0,0,0,0,0,0
1161,Justin Pugh,NYG,G,12,1,0,1,0.0,0,0,0,0,0,0,0,0,0,0
1162,Zach Ertz,ARI,TE,7,1,0,1,0.0,0,0,0,0,0,0,0,0,0,0
1163,Travis Kelce,KC,TE,15,1,0,1,0.0,0,0,0,0,0,0,0,0,0,0
1164,Latavius Murray,BUF,RB,16,1,0,1,0.0,0,0,0,0,0,0,0,0,0,0
1165,David Quessenberry,MIN,OT,16,1,0,1,0.0,0,0,0,0,0,0,0,0,0,0
1166,Kyle Juszczyk,SF,FB,17,1,0,1,0.0,0,0,0,0,0,0,0,0,0,0
1167,Brandon McManus,JAX,PK,17,1,0,1,0.0,0,0,0,0,0,0,0,0,0,0
1168,James Winchester,KC,LS,17,1,0,1,0.0,0,0,0,0,0,0,0,0,0,0
1169,Anthony Barr,MIN,LB,4,1,0,1,0.0,0,0,0,0,0,0,0,0,1,0
1170,Odell Beckham Jr.,BAL,WR,14,0,1,1,0.0,0,0,0,0,0,0,0,0,0,0
1171,Mike Evans,TB,WR,17,1,0,1,0.0,0,0,0,0,0,0,0,0,0,0
1172,Derek Carr,NO,QB,17,0,1,1,0.0,0,0,0,0,0,0,0,0,0,0
1173,Davante Adams,LV,WR,17,1,0,1,0.0,0,0,0,0,0,0,0,0,0,0
1174,James Hurst,NO,OT,15,1,0,1,0.0,0,0,0,0,0,0,0,0,0,0
1175,Tyler Larsen,WSH,C,14,0,1,1,0.0,0,0,0,0,0,0,0,0,0,0
1176,Cornelius Lucas,WSH,OT,17,0,1,1,0.0,0,0,0,0,0,0,0,0,0,0
1177,Matt Feiler,TB,G,13,1,0,1,0.0,0,0,0,0,0,0,0,0,0,0
1178,Jon Feliciano,SF,G,16,1,0,1,0.0,0,0,0,0,0,0,0,0,0,0
1179,Blake Bell,KC,TE,17,0,1,1,0.0,0,0,0,0,0,0,0,0,0,0
1180,Chris Manhertz,DEN,TE,16,1,0,1,0.0,0,0,0,0,0,0,0,0,0,0
1181,Bobby McCain,NYG,S,9,1,0,1,0.0,0,0,1,0,0,0,0,0,0,0
1182,Joe Cardona,NE,LS,17,1,0,1,0.0,0,0,0,0,0,0,0,0,0,0
1183,Lucas Patrick,CHI,G,16,1,0,1,0.0,0,0,0,0,0,0,0,0,0,0
1184,Stephen Anderson,LAC,TE,3,0,1,1,0.0,0,0,0,0,0,0,0,0,0,0
1185,Darren Waller,NYG,TE,12,1,0,1,0.0,0,0,0,0,0,0,0,0,0,0
1186,Jake Brendel,SF,C,17,1,0,1,0.0,0,0,0,0,0,0,0,0,0,0
1187,Connor McGovern,NYJ,C,7,0,1,1,0.0,0,0,0,0,0,0,0,0,0,0
1188,Dak Prescott,DAL,QB,17,1,0,1,0.0,0,0,0,0,0,0,0,0,0,0
1189,Riley Dixon,DEN,P,17,0,1,1,0.0,0,0,0,0,0,0,0,0,0,0
1190,Joe Thuney,KC,G,17,1,0,1,0.0,0,0,0,0,0,0,0,0,0,0
1191,Ryan Kelly,IND,C,14,1,0,1,0.0,0,0,0,0,0,0,0,0,0,0
1192,David Andrews,NE,C,17,1,0,1,0.0,0,0,0,0,0,0,0,0,0,0
1193,Wes Schweitzer,NYJ,G,6,0,1,1,0.0,0,0,0,0,0,0,0,0,0,0
1194,George Fant,HOU,OT,16,1,0,1,0.0,0,0,0,0,0,0,0,0,0,0
1195,D.J. Humphries,ARI,OT,15,1,0,1,0.0,0,0,0,0,0,0,0,0,0,0
1196,Nelson Agholor,BAL,WR,17,1,0,1,0.0,0,0,0,0,0,0,0,0,0,0
1197,Kalif Raymond,DET,WR,17,1,0,1,0.0,0,0,0,0,0,0,0,0,0,0
1198,Michael Dunn,CLE,G,12,1,0,1,0.0,0,0,0,0,0,0,0,0,0,0
1199,Michael Thomas,NO,WR,10,1,0,1,0.0,0,0,0,0,0,0,0,0,0,0
1200,Amari Cooper,CLE,WR,15,1,0,1,0.0,0,0,0,0,0,0,0,0,0,0
1201,Sterling Shepard,NYG,WR,15,1,0,1,0.0,0,0,0,0,0,0,0,0,0,0
1202,Cory Littleton,HOU,LB,10,0,1,1,0.0,0,0,0,0,0,0,0,0,0,0
1203,Eli Ankou,ATL,DT,1,0,1,1,0.0,0,0,0,0,0,0,0,0,0,0
1204,George Kittle,SF,TE,16,1,0,1,0.0,0,0,0,0,0,0,0,0,0,0
1205,Demarcus Robinson,LAR,WR,16,0,1,1,0.0,0,0,0,0,0,0,0,0,0,0
1206,Austin Hooper,LV,TE,17,1,0,1,0.0,0,0,0,0,0,0,0,0,0,0
1207,Tyler Boyd,CIN,WR,17,1,0,1,0.0,0,0,0,0,0,0,0,0,0,0
1208,Godwin Igwebuike,ATL/PIT,RB,12,0,1,1,0.0,0,0,0,0,0,0,0,0,0,0
1209,Kendrick Bourne,NE,WR,8,1,0,1,0.0,0,0,0,0,0,0,0,0,0,0
1210,Keith Kirkwood,NO,WR,13,0,1,1,0.0,0,0,0,0,0,0,0,0,0,0
1211,Geoff Swaim,ARI,TE,14,1,0,1,0.0,0,0,0,0,0,0,0,0,0,0
1212,Jared Goff,DET,QB,17,1,0,1,0.0,0,0,0,0,0,0,0,0,0,0
1213,Tanner Hudson,CIN,TE,12,1,0,1,0.0,0,0,0,0,0,0,0,0,0,0
1214,PJ Walker,CLE,QB,6,1,0,1,0.0,0,0,0,0,0,0,0,0,0,0
1215,Deadrin Senat,TB,DT,3,1,0,1,0.0,0,0,0,0,0,0,0,0,0,0
1216,Ezekiel Elliott,NE,RB,17,1,0,1,0.0,0,0,0,0,0,0,0,0,0,0
1217,Boston Scott,PHI,RB,15,0,1,1,0.0,0,0,0,0,0,0,0,0,0,0
1218,Daniel Carlson,LV,PK,17,1,0,1,0.0,0,0,0,0,0,0,0,0,0,0
1219,Gus Edwards,BAL,RB,17,1,0,1,0.0,0,0,0,0,0,0,0,0,0,0
1220,Darrell Daniels,DET,TE,3,0,1,1,0.0,0,0,0,0,0,0,0,0,0,0
1221,Coleman Shelton,LAR,G,17,1,0,1,0.0,0,0,0,0,0,0,0,0,0,0
1222,Mike McGlinchey,DEN,OT,16,0,1,1,0.0,0,0,0,0,0,0,0,0,0,0
1223,Alvin Kamara,NO,RB,13,0,1,1,0.0,0,0,0,0,0,0,0,0,0,0
1224,Nick Mullens,MIN,QB,5,1,0,1,0.0,0,0,0,0,0,0,0,0,0,0
1225,Austin Ekeler,LAC,RB,14,1,0,1,0.0,0,0,0,0,0,0,0,0,0,0
1226,Will Clapp,LAC,C,14,0,1,1,0.0,0,0,0,0,0,0,0,0,0,0
1227,DJ Chark Jr.,CAR,WR,15,0,1,1,0.0,0,0,0,0,0,0,0,0,0,0
1228,Elgton Jenkins,GB,G,15,1,0,1,0.0,0,0,0,0,0,0,0,0,0,0
1229,Mason Cole,PIT,C,17,1,0,1,0.0,0,0,0,0,0,0,0,0,0,0
1230,Craig James,NYJ,CB,2,1,0,1,0.0,0,0,1,0,0,0,0,0,0,0
1231,Mike Gesicki,NE,TE,17,1,0,1,0.0,0,0,0,0,0,0,0,1,0,0
1232,Orlando Brown Jr.,CIN,OT,17,1,0,1,0.0,0,0,0,0,0,0,0,0,0,0
1233,Samaje Perine,DEN,RB,17,0,1,1,0.0,0,0,0,0,0,0,0,0,0,0
1234,Ross Dwelley,SF,TE,12,0,1,1,0.0,0,0,0,0,0,0,0,0,0,0
1235,Noah Brown,HOU,WR,10,1,0,1,0.0,0,0,0,0,0,0,0,0,0,0
1236,Khari Blasingame,CHI,FB,16,1,0,1,0.0,0,0,0,0,0,0,0,0,0,0
1237,Richie James,KC,WR,9,1,0,1,0.0,0,0,0,0,0,0,0,0,0,0
1238,Trent Scott,WSH,OT,10,0,1,1,0.0,0,0,0,0,0,0,0,0,0,0
1239,Joey Slye,WSH,PK,17,1,0,1,0.0,0,0,0,0,0,0,0,0,0,0
1240,Jason Sanders,MIA,PK,17,1,0,1,0.0,0,0,0,0,0,0,0,0,0,0
1241,Andrew Beck,HOU,FB,15,1,0,1,0.0,0,0,0,0,0,0,0,0,0,0
1242,Will Dissly,SEA,TE,16,1,0,1,0.0,0,0,0,0,0,0,0,0,0,0
1243,Sidney Jones IV,CIN,CB,2,0,1,1,0.0,0,0,0,0,0,0,0,0,0,0
1244,Kaleb McGary,ATL,OT,14,1,0,1,0.0,0,0,0,0,0,0,0,0,0,0
1245,Drew Sample,CIN,TE,17,0,1,1,0.0,0,0,0,0,0,0,0,0,0,0
1246,Jeremy McNichols,SF,RB,3,0,1,1,0.0,0,0,0,0,0,0,0,0,0,0
1247,Allen Lazard,NYJ,WR,14,1,0,1,0.0,0,0,0,0,0,0,0,0,0,0
1248,DeMarquis Gates,CHI,LB,5,1,0,1,0.0,0,0,0,0,0,0,0,0,1,0
1249,Quenton Nelson,IND,G,17,1,0,1,0.0,0,0,0,0,0,0,0,0,0,0
1250,Hunter Renfrow,LV,WR,17,1,0,1,0.0,0,0,0,0,0,0,0,0,0,0
1251,Michael Dogbe,MIN,DE,1,0,1,1,0.0,0,0,0,0,0,0,0,0,0,0
1252,Patrick Mahomes,KC,QB,16,1,0,1,0.0,0,0,0,0,0,0,0,0,0,0
1253,Parker Hesse,ATL,TE,3,1,0,1,0.0,0,0,0,0,0,0,0,0,0,0
1254,Chris Lindstrom,ATL,G,16,0,1,1,0.0,0,0,0,0,0,0,0,0,0,0
1255,Austin Bryant,SF,DE,2,0,1,1,0.0,0,0,0,0,0,0,0,0,0,0
1256,Ray-Ray McCloud III,SF,WR,12,1,0,1,0.0,0,0,0,0,0,0,0,0,0,0
1257,Tanner Muse,LAC,LB,10,1,0,1,0.0,0,0,0,0,0,0,0,0,0,0
1258,Jauan Jennings,SF,WR,13,1,0,1,0.0,0,0,0,0,0,0,0,0,0,0
1259,Benning Potoa'e,WSH,DT,1,0,1,1,0.0,0,0,0,0,0,0,0,0,0,0
1260,James Daniels,PIT,G,15,1,0,1,0.0,0,0,0,0,0,0,0,0,0,0
1261,Christian Kirk,JAX,WR,12,1,0,1,0.0,0,0,0,0,0,0,0,0,0,0
1262,Donald Parham Jr.,LAC,TE,14,1,0,1,0.0,0,0,0,0,0,0,0,0,0,0
1263,Marquise Copeland,LAR,DT,1,1,0,1,0.0,0,0,0,0,0,0,0,0,0,0
1264,Joe Burrow,CIN,QB,10,1,0,1,0.0,0,0,0,0,0,0,0,0,0,0
1265,Terence Steele,DAL,OT,17,1,0,1,0.0,0,0,0,0,0,0,0,0,0,0
1266,James Proche II,CLE,WR,10,1,0,1,0.0,0,0,0,0,0,0,0,0,0,0
1267,Jack Fox,DET,P,17,1,0,1,0.0,0,0,0,0,0,0,0,0,0,0
1268,Lamar Jackson,BAL,QB,16,0,1,1,0.0,0,0,0,0,0,0,0,0,0,0
1269,Jakobi Meyers,LV,WR,16,1,0,1,0.0,0,0,0,0,0,0,0,0,0,0
1270,Darius Slayton,NYG,WR,17,1,0,1,0.0,0,0,0,0,0,0,0,0,0,0
1271,Tyler Bass,BUF,PK,17,1,0,1,0.0,0,0,0,0,0,0,0,0,0,0
1272,Kyler Murray,ARI,QB,8,1,0,1,0.0,0,0,0,0,0,0,0,0,0,0
1273,Erik McCoy,NO,C,17,1,0,1,0.0,0,0,0,0,0,0,0,0,0,0
1274,Alec Ingold,MIA,FB,17,1,0,1,0.0,0,0,0,0,0,0,0,0,0,0
1275,Daniel Jones,NYG,QB,6,1,0,1,0.0,0,0,0,0,0,0,0,0,0,0
1276,Olamide Zaccheaus,PHI,WR,17,1,0,1,0.0,0,0,0,0,0,0,0,0,0,0
1277,Josh Oliver,MIN,TE,17,1,0,1,0.0,0,0,0,0,0,0,0,0,0,0
1278,Matt Peart,NYG,OT,8,1,0,1,0.0,0,0,0,0,0,0,0,0,0,0
1279,Hayden Hurst,CAR,TE,9,1,0,1,0.0,0,0,0,0,0,0,0,0,0,0
1280,Lester Cotton,MIA,G,17,1,0,1,0.0,0,0,0,0,0,0,0,0,0,0
1281,Derrick Gore,WSH,RB,6,0,1,1,0.0,0,0,0,0,0,0,0,0,0,0
1282,Calvin Ridley,JAX,WR,17,1,0,1,0.0,0,0,0,0,0,0,0,0,0,0
1283,Juwan Johnson,NO,TE,13,1,0,1,0.0,0,0,0,0,0,0,0,0,0,0
1284,Jon Runyan,GB,G,17,1,0,1,0.0,0,0,0,0,0,0,0,0,0,0
1285,Van Jefferson,ATL/LAR,WR,17,1,0,1,0.0,0,0,0,0,0,0,0,0,0,0
1286,Andre James,LV,C,16,1,0,1,0.0,0,0,0,0,0,0,0,0,0,0
1287,Diontae Johnson,PIT,WR,14,1,0,1,0.0,0,0,0,0,0,0,0,0,0,0
1288,Samori Toure,GB,WR,11,1,0,1,0.0,0,0,0,0,0,0,0,0,0,0
1289,Tucker Addington,WSH,LS,3,1,0,1,0.0,0,0,0,0,0,0,0,0,0,0
1290,Mecole Hardman,KC/NYJ,WR,11,1,0,1,0.0,0,0,0,0,0,0,0,0,0,0
1291,Luke Fortner,JAX,C,17,1,0,1,0.0,0,0,0,0,0,0,0,0,0,0
1292,Stephen Sullivan,CAR,TE,11,1,0,1,0.0,0,0,0,0,0,0,0,0,0,0
1293,Tremayne Anchrum Jr.,LAR,G,17,1,0,1,0.0,0,0,0,0,0,0,0,0,0,0
1294,John Simpson,BAL,G,17,1,0,1,0.0,0,0,0,0,0,0,0,0,0,0
1295,Kene Nwangwu,MIN,RB,9,1,0,1,0.0,0,0,0,0,0,0,0,0,0,0
1296,David Montgomery,DET,RB,14,1,0,1,0.0,0,0,0,0,0,0,0,0,0,0
1297,De'Jon Harris,WSH,LB,8,0,1,1,0.0,0,0,0,0,0,0,0,0,0,0
1298,Landon Dickerson,PHI,G,16,1,0,1,0.0,0,0,0,0,0,0,0,0,0,0
1299,Michael Pittman Jr.,IND,WR,16,1,0,1,0.0,0,0,0,0,0,0,0,0,0,0
1300,Tyler Biadasz,DAL,C,16,1,0,1,0.0,0,0,0,0,0,0,0,0,0,0
1301,T.J. Hockenson,MIN,TE,15,1,0,1,0.0,0,0,0,0,0,0,0,0,0,0
1302,Ty Shelby,LAC,LB,1,1,0,1,0.0,0,0,0,0,0,0,0,0,0,0
1303,Tomon Fox,NYG,LB,1,1,0,1,0.0,0,0,0,0,0,0,0,0,0,0
1304,Ben Powers,DEN,G,17,1,0,1,0.0,0,0,0,0,0,0,0,0,0,0
1305,A.J. Green III,CLE,CB,3,1,0,1,0.0,0,0,0,0,0,0,0,0,0,0
1306,Rico Dowdle,DAL,RB,16,0,1,1,0.0,0,0,0,0,0,0,0,0,0,0
1307,Khalid Kareem,CHI,DE,1,1,0,1,0.0,0,0,1,0,0,0,0,0,0,0
1308,Jonathan Ward,TEN,RB,8,1,0,1,0.0,0,0,0,0,0,0,0,0,0,0
1309,Jack Heflin,NO,DT,1,0,1,1,0.0,0,0,0,0,0,0,0,0,0,0
1310,Aaron Brewer,TEN,G,17,0,1,1,0.0,0,0,0,0,0,0,0,0,0,0
1311,Jalen Hurts,PHI,QB,17,1,0,1,0.0,0,0,0,0,0,0,0,0,0,0
1312,Dillon Radunz,TEN,OT,16,0,1,1,0.0,0,0,0,0,0,0,0,0,0,0
1313,Cordell Volson,CIN,G,17,1,0,1,0.0,0,0,0,0,0,0,0,0,0,0
1314,Ian Thomas,CAR,TE,12,1,0,1,0.0,0,0,0,0,0,0,0,0,0,0
1315,Tony Jones Jr.,ARI/NO,RB,7,1,0,1,0.0,0,0,0,0,0,0,0,0,0,0
1316,Liam Eichenberg,MIA,OT,16,1,0,1,0.0,0,0,0,0,0,0,0,0,0,0
1317,A.J. Brown,PHI,WR,17,1,0,1,0.0,0,0,0,0,0,0,0,0,0,0
1318,Ezra Cleveland,MIN/JAX,G,15,1,0,1,0.0,0,0,0,0,0,0,0,0,0,0
1319,Alexander Mattison,MIN,RB,16,1,0,1,0.0,0,0,0,0,0,0,0,0,0,0
1320,Quez Watkins,PHI,WR,9,1,0,1,0.0,0,0,0,0,0,0,0,0,0,0
1321,Cole Strange,NE,G,10,1,0,1,0.0,0,0,0,0,0,0,0,0,0,0
1322,Alex Armah,WSH,RB,8,1,0,1,0.0,0,0,0,0,0,0,0,0,0,0
1323,Hunter Long,LAR,TE,4,0,1,1,0.0,0,0,0,0,0,0,0,0,0,0
1324,Trenton Gill,CHI,P,17,1,0,1,0.0,0,0,0,0,0,0,0,0,0,0
1325,Payton Turner,NO,DE,2,0,1,1,0.0,0,0,0,0,0,0,0,0,1,0
1326,Zach Tom,GB,G,17,1,0,1,0.0,0,0,0,0,0,0,0,0,0,0
1327,Bryce Baringer,NE,P,17,1,0,1,0.0,0,0,0,0,0,0,0,0,0,0
1328,Tristan Wirfs,TB,OT,17,1,0,1,0.0,0,0,0,0,0,0,0,0,0,0
1329,Malik Davis,DAL,RB,3,1,0,1,0.0,0,0,0,0,0,0,0,0,0,0
1330,James Houston,DET,LB,2,1,0,1,0.0,0,0,0,0,0,0,0,0,0,0
1331,Michael Carter,ARI/NYJ,RB,15,1,0,1,0.0,0,0,0,0,0,0,0,0,0,0
1332,Cal Adomitis,CIN,LS,17,1,0,1,0.0,0,0,0,0,0,0,0,0,0,0
1333,CeeDee Lamb,DAL,WR,17,1,0,1,0.0,0,0,0,0,0,0,0,0,0,0
1334,Jerry Jeudy,DEN,WR,16,1,0,1,0.0,0,0,0,0,0,0,0,0,0,0
1335,Mac Jones,NE,QB,11,0,1,1,0.0,0,0,0,0,0,0,0,0,0,0
1336,Brian Robinson Jr.,WSH,RB,15,1,0,1,0.0,0,0,0,0,0,0,0,0,0,0
1337,Thayer Munford Jr.,LV,OT,15,1,0,1,0.0,0,0,0,0,0,0,0,0,0,0
1338,Ed Ingram,MIN,G,15,1,0,1,0.0,0,0,0,0,0,0,0,0,0,0
1339,Neil Farrell,KC,DE,3,1,0,1,0.0,0,1,1,0,0,0,0,0,0,0
1340,Joshua Palmer,LAC,WR,11,1,0,1,0.0,0,0,0,0,0,0,0,0,0,0
1341,Matthew Butler,LV,DT,2,0,1,1,0.0,0,0,0,0,0,0,0,0,0,0
1342,Trey Smith,KC,G,17,1,0,1,0.0,0,0,0,0,0,0,0,0,0,0
1343,Austin Faoliu,SEA,DT,2,0,1,1,0.0,0,0,0,0,0,0,0,0,0,0
1344,Anders Carlson,GB,PK,17,1,0,1,0.0,0,0,0,0,0,0,0,0,0,0
1345,Drew Dalman,ATL,C,14,0,1,1,0.0,0,0,0,0,0,0,0,0,0,0
1346,Tucker Fisk,ATL,TE,6,0,1,1,0.0,0,0,0,0,0,0,0,0,0,0
1347,Jordan Mims,NO,RB,2,0,1,1,0.0,0,0,0,0,0,0,0,0,0,0
1348,Laviska Shenault Jr.,CAR,WR,8,0,1,1,0.0,0,0,0,0,0,0,0,0,0,0
1349,Cade Otton,TB,TE,17,1,0,1,0.0,0,0,0,0,0,0,0,0,0,0
1350,Calvin Austin III,PIT,WR,17,1,0,1,0.0,0,0,0,0,0,0,0,0,0,0
1351,Kalia Davis,SF,DT,3,1,0,1,1.0,3,1,0,0,0,0,0,0,0,0
1352,Alex Ward,LAR,LS,13,0,1,1,0.0,0,0,0,0,0,0,0,0,0,0
1353,Sidy Sow,NE,G,15,0,1,1,0.0,0,0,0,0,0,0,0,0,0,0
1354,Austin Trammell,LAR,WR,16,1,0,1,0.0,0,0,0,0,0,0,0,0,0,0
1355,Ty Okada,SEA,S,5,0,1,1,0.0,0,0,0,0,0,0,0,0,0,0
1356,Christian Watson,GB,WR,9,1,0,1,0.0,0,0,0,0,0,0,0,0,0,0
1357,Matt Gay,IND,PK,17,1,0,1,0.0,0,0,0,0,0,0,0,0,0,0
1358,Nick Muse,MIN,TE,2,0,1,1,0.0,0,0,0,0,0,0,0,0,0,0
1359,Ryan Stonehouse,TEN,P,12,1,0,1,0.0,0,0,0,0,0,0,0,0,0,0
1360,Nico Collins,HOU,WR,15,1,0,1,0.0,0,0,0,0,0,0,0,1,0,0
1361,James Hudson III,CLE,OT,16,1,0,1,0.0,0,0,0,0,0,0,0,0,0,0
1362,Donovan Peoples-Jones,CLE/DET,WR,15,1,0,1,0.0,0,0,0,0,0,0,0,0,0,0
1363,Brad Robbins,CIN,P,17,1,0,1,0.0,0,0,0,0,0,0,0,0,0,0
1364,Olakunle Fatukasi,LAR,LB,1,0,1,1,0.0,0,0,0,0,0,0,0,0,0,0
1365,Bo Melton,GB,WR,5,1,0,1,0.0,0,0,0,0,0,0,0,0,0,0
1366,Chris Stoll,SEA,LS,17,0,1,1,0.0,0,0,0,0,0,0,0,0,0,0
1367,Jordan Mailata,PHI,OT,17,1,0,1,0.0,0,0,0,0,0,0,0,0,0,0
1368,Josh Whyle,TEN,TE,11,1,0,1,0.0,0,0,0,0,0,0,0,0,0,0
1369,Brayden Willis,SF,TE,7,1,0,1,0.0,0,0,0,0,0,0,0,0,0,0
1370,Trevor Lawrence,JAX,QB,16,1,0,1,0.0,0,0,0,0,0,0,0,0,0,0
1371,Brandon Aiyuk,SF,WR,16,1,0,1,0.0,0,0,0,0,0,0,0,0,0,0
1372,Chigoziem Okonkwo,TEN,TE,17,0,1,1,0.0,0,0,0,0,0,0,0,0,0,0
1373,Simi Fehoko,LAC,WR,6,1,0,1,0.0,0,0,0,0,0,0,0,0,0,0
1374,Ethan Bonner,MIA,CB,2,0,1,1,0.0,0,0,1,0,0,0,0,0,0,0
1375,Yasir Abdullah,JAX,LB,5,1,0,1,0.0,0,0,0,0,0,0,0,0,0,0
1376,Rashod Bateman,BAL,WR,16,1,0,1,0.0,0,0,0,0,0,0,0,0,0,0
1377,Cam Jurgens,PHI,C,11,0,1,1,0.0,0,0,0,0,0,0,0,0,0,0
1378,Zach Wilson,NYJ,QB,12,1,0,1,0.0,0,0,0,0,0,0,0,0,0,0
1379,Shedrick Jackson,CIN,WR,3,1,0,1,0.0,0,0,0,0,0,0,0,0,0,0
1380,Tyreke Smith,ARI/SEA,LB,3,0,1,1,0.0,0,0,0,0,0,0,0,0,0,0
1381,Chris Olave,NO,WR,16,1,0,1,0.0,0,0,0,0,0,0,0,0,0,0
1382,Rasheed Walker,GB,OT,17,1,0,1,0.0,0,0,0,0,0,0,0,0,0,0
1383,Cole Turner,WSH,TE,12,1,0,1,0.0,0,0,0,0,0,0,0,0,0,0
1384,Cade Mays,CAR,G,16,1,0,1,0.0,0,0,0,0,0,0,0,0,0,0
1385,Christian Darrisaw,MIN,OT,15,1,0,1,0.0,0,0,0,0,0,0,0,0,0,0
1386,A.T. Perry,NO,WR,10,1,0,1,0.0,0,0,0,0,0,0,0,0,0,0
1387,Cameron Dicker,LAC,PK,17,1,0,1,0.0,0,0,0,0,0,0,0,0,0,0
1388,Jayden Reed,GB,WR,16,1,0,1,0.0,0,0,0,0,0,0,0,0,0,0
1389,Brevin Jordan,HOU,TE,14,0,1,1,0.0,0,0,0,0,0,0,0,0,0,0
1390,Chris Rodriguez Jr.,WSH,RB,13,1,0,1,0.0,0,0,0,0,0,0,0,0,0,0
1391,Terrace Marshall Jr.,CAR,WR,9,1,0,1,0.0,0,0,0,0,0,0,0,0,0,0
1392,Tyquan Thornton,NE,WR,9,1,0,1,0.0,0,0,0,0,0,0,0,0,0,0
1393,Patrick O'Connell,SEA,LB,1,0,1,1,0.0,0,0,0,0,0,0,0,0,0,0
1394,Tank Dell,HOU,WR,11,1,0,1,0.0,0,0,0,0,0,0,0,0,0,0
1395,Dorian Thompson-Robinson,CLE,QB,8,1,0,1,0.0,0,0,0,0,0,0,0,0,0,0
1396,Kenneth Gainwell,PHI,RB,16,1,0,1,0.0,0,0,0,0,0,0,0,0,0,0
1397,Jaylin Williams,MIN,CB,3,1,0,1,0.0,0,0,0,0,0,0,0,0,0,0
1398,Rondale Moore,ARI,WR,17,1,0,1,0.0,0,0,0,0,0,0,0,0,0,0
1399,Tyler Allgeier,ATL,RB,17,0,1,1,0.0,0,0,0,0,0,0,0,0,0,0
1400,Jake Camarda,TB,P,17,1,0,1,0.0,0,0,0,0,0,0,0,0,0,0
1401,James Cook,BUF,RB,17,1,0,1,0.0,0,0,0,0,0,0,0,0,0,0
1402,Chris Smith II,LV,S,12,1,0,1,0.0,0,0,0,0,0,0,0,0,0,0
1403,Luke Goedeke,TB,OT,17,1,0,1,0.0,0,0,0,0,0,0,0,0,0,0
1404,Jalen Nailor,MIN,WR,6,1,0,1,0.0,0,0,0,0,0,0,0,0,0,0
1405,Nate Adkins,DEN,TE,10,0,1,1,0.0,0,0,0,0,0,0,0,0,0,0
1406,Joshua Pryor,WSH,DE,7,1,0,1,0.0,0,0,0,0,0,0,0,0,0,0
1407,Dareke Young,SEA,WR,6,0,1,1,0.0,0,0,0,0,0,0,0,0,0,0
1408,Trey Pipkins III,LAC,OT,17,1,0,1,0.0,0,0,0,0,0,0,0,0,0,0
1409,Deonte Harty,BUF,WR,16,1,0,1,0.0,0,0,0,0,0,0,0,0,0,0
1410,Gunner Olszewski,PIT/NYG,WR,12,1,0,1,0.0,0,0,0,0,0,0,0,0,0,0
1411,George Pickens,PIT,WR,17,0,1,1,0.0,0,0,0,0,0,0,0,0,0,0
1412,Zach Charbonnet,SEA,RB,16,0,1,1,0.0,0,0,0,0,0,0,0,0,0,0
1413,Trey Palmer,TB,WR,17,1,0,1,0.0,0,0,0,0,0,0,0,0,0,0
1414,Puka Nacua,LAR,WR,17,1,0,1,0.0,0,0,0,0,0,0,0,0,0,0
1415,Lewis Cine,MIN,S,7,0,1,1,0.0,0,0,0,0,0,0,0,0,0,0
1416,DeMario Douglas,NE,WR,14,1,0,1,0.0,0,0,0,0,0,0,0,0,0,0
1417,Dontayvion Wicks,GB,WR,15,0,1,1,0.0,0,0,0,0,0,0,0,0,0,0
1418,Broderick Jones,PIT,OT,17,0,1,1,0.0,0,0,0,0,0,0,0,0,0,0
1419,Rakim Jarrett,TB,WR,10,1,0,1,0.0,0,0,0,0,0,0,0,0,0,0
1420,Tank Bigsby,JAX,RB,17,1,0,1,0.0,0,0,0,0,0,0,0,0,0,0
1421,Quentin Johnston,LAC,WR,17,1,0,1,0.0,0,0,0,0,0,0,0,0,0,0
1422,Zay Flowers,BAL,WR,16,1,0,1,0.0,0,0,0,0,0,0,0,0,0,0
1423,Brenton Strange,JAX,TE,14,1,0,1,0.0,0,1,0,0,0,0,0,0,0,0
1424,Kyren Williams,LAR,RB,12,1,0,1,0.0,0,0,0,0,0,0,0,0,0,0
1425,Luke Wypler,CLE,C,5,1,0,1,0.0,0,0,0,0,0,0,0,0,0,0
1426,Sean Tucker,TB,RB,11,1,0,1,0.0,0,0,0,0,0,0,0,0,0,0
1427,Kenneth Walker III,SEA,RB,15,1,0,1,0.0,0,0,0,0,0,0,0,0,0,0
1428,Gervarrius Owens,NYG,S,3,0,1,1,0.0,0,0,0,0,0,0,0,0,1,0
1429,Matthew Bergeron,ATL,G,17,1,0,1,0.0,0,0,0,0,0,0,0,0,0,0
1430,Jalen Graham,SF,LB,4,1,0,1,0.0,0,0,0,0,0,0,0,0,0,0
1431,Brandon Smith,PHI,LB,2,0,1,1,0.0,0,0,0,0,0,0,0,0,0,0
1432,Quinn Meinerz,DEN,G,17,1,0,1,0.0,0,0,0,0,0,0,0,0,0,0
1433,Ben Bartch,SF/JAX,G,13,1,0,1,0.0,0,0,0,0,0,0,0,0,0,0
1434,Jason Brownlee,NYJ,WR,7,1,0,1,0.0,0,0,0,0,0,0,0,0,0,0
1435,Anton Harrison,JAX,OT,17,1,0,1,0.0,0,0,0,0,0,0,0,0,0,0
1436,Jalin Hyatt,NYG,WR,17,1,0,1,0.0,0,0,0,0,0,0,0,0,0,0
1437,Rachaad White,TB,RB,17,1,0,1,0.0,0,0,0,0,0,0,0,0,0,0
1438,Jaleel McLaughlin,DEN,RB,17,1,0,1,0.0,0,0,0,0,0,0,0,0,0,0
1439,Christian Matthew,ARI/CHI,CB,6,1,0,1,0.0,0,0,0,0,0,0,0,0,0,0
1440,Trevor Nowaske,DET,LB,2,1,0,1,0.0,0,0,0,0,0,0,0,0,0,0
1441,Tytus Howard,HOU,OT,7,0,0,0,0.0,0,0,0,0,0,0,0,0,1,0
1442,Yosh Nijman,GB,OT,17,0,0,0,0.0,0,0,0,0,0,0,0,0,0,0
1443,Rashid Shaheed,NO,WR,15,0,0,0,0.0,0,0,0,0,0,0,0,0,0,0
1444,Vederian Lowe,NE,OT,11,0,0,0,0.0,0,0,0,0,0,0,0,0,1,0
1445,Noah Igbinoghene,DAL,CB,5,0,0,0,0.0,0,0,0,0,0,0,0,0,0,0
1446,Quintin Morris,BUF,TE,15,0,0,0,0.0,0,0,0,0,0,0,0,0,1,0
1447,Tim Jones,JAX,WR,17,0,0,0,0.0,0,0,0,0,0,0,0,0,1,0
1448,Benton Whitley,MIN/NYG,LB,4,0,0,0,0.0,0,0,1,0,0,0,0,0,1,0
1449,Charlie Jones,CIN,WR,11,0,0,0,0.0,0,0,0,0,0,0,0,0,0,0
1450,Will Levis,TEN,QB,9,0,0,0,0.0,0,0,0,0,0,0,0,0,1,0
1451,Derius Davis,LAC,WR,17,0,0,0,0.0,0,0,0,0,0,0,0,0,0,0
1452,Siaki Ika,CLE,DT,4,0,0,0,0.0,0,0,1,0,0,0,0,0,0,0
