RK,Name,Team,POS,GP,REC,TGTS,YDS,AVG,TD,LNG,BIG,YDS/G,FUM,LST,YAC,FD
1,Tyreek Hill,MIA,WR,16,119,171,1799,15.1,13,78,29,112.4,1,1,652,83
2,CeeDee Lamb,DAL,WR,17,135,181,1749,13.0,12,92,29,102.9,3,2,680,80
3,Amon-Ra St. Brown,DET,WR,16,119,164,1515,12.7,10,70,24,94.7,1,1,668,75
4,Puka Nacua,LAR,WR,17,105,160,1486,14.2,6,80,25,87.4,1,0,640,68
5,A.J. Brown,PHI,WR,17,106,158,1456,13.7,7,59,21,85.6,2,2,473,70
6,DJ Moore,CHI,WR,17,96,136,1364,14.2,8,58,25,80.2,1,1,539,64
7,Brandon Aiyuk,SF,WR,16,75,105,1342,17.9,7,76,28,83.9,1,1,382,61
8,Nico Collins,HOU,WR,15,80,109,1297,16.2,8,75,25,86.5,1,0,549,53
9,Mike Evans,TB,WR,17,79,136,1255,15.9,13,75,20,73.8,0,0,322,54
10,Amari Cooper,CLE,WR,15,72,128,1250,17.4,5,75,21,83.3,2,1,271,50
11,Keenan Allen,LAC,WR,13,108,150,1243,11.5,7,42,19,95.6,2,1,396,56
12,Ja'Marr Chase,CIN,WR,16,100,145,1216,12.2,7,76,14,76.0,1,0,541,63
13,Stefon Diggs,BUF,WR,17,107,160,1183,11.1,8,55,10,69.6,2,1,399,58
14,Michael Pittman Jr.,IND,WR,16,109,156,1152,10.6,4,75,10,72.0,1,0,513,53
15,Davante Adams,LV,WR,17,103,175,1144,11.1,8,46,13,67.3,0,0,336,59
16,George Pickens,PIT,WR,17,63,106,1140,18.1,5,86,22,67.1,3,0,388,42
17,Chris Olave,NO,WR,16,87,138,1123,12.9,5,51,16,70.2,0,0,347,57
18,DK Metcalf,SEA,WR,16,66,119,1114,16.9,8,73,19,69.6,0,0,367,52
19,Justin Jefferson,MIN,WR,10,68,100,1074,15.8,5,52,25,107.4,1,1,260,51
20,DeVonta Smith,PHI,WR,16,81,112,1066,13.2,7,63,14,66.6,1,1,294,47
21,DeAndre Hopkins,TEN,WR,17,75,137,1057,14.1,7,61,15,62.2,0,0,223,48
22,Garrett Wilson,NYJ,WR,17,95,168,1042,11.0,3,68,11,61.3,2,2,327,47
23,Chris Godwin,TB,WR,17,83,130,1024,12.3,2,47,14,60.2,0,0,385,53
24,George Kittle,SF,TE,16,65,90,1020,15.7,6,66,18,63.8,0,0,483,42
25,Calvin Ridley,JAX,WR,17,76,136,1016,13.4,8,59,17,59.8,1,0,194,49
26,Adam Thielen,CAR,WR,17,103,137,1014,9.8,4,32,9,59.6,2,0,345,56
27,Jaylen Waddle,MIA,WR,14,72,104,1014,14.1,4,60,12,72.4,0,0,421,47
28,Terry McLaurin,WSH,WR,17,79,132,1002,12.7,4,48,15,58.9,0,0,350,47
29,Travis Kelce,KC,TE,15,93,121,984,10.6,5,53,12,65.6,1,1,469,50
30,Evan Engram,JAX,TE,17,114,143,963,8.4,4,34,9,56.6,3,2,516,47
31,T.J. Hockenson,MIN,TE,15,95,127,960,10.1,5,29,13,64.0,1,1,336,48
32,Rashee Rice,KC,WR,16,79,102,938,11.9,7,67,10,58.6,2,1,654,44
33,Jordan Addison,MIN,WR,17,70,108,911,13.0,10,62,15,53.6,0,0,262,38
34,Drake London,ATL,WR,16,69,110,905,13.1,2,45,17,56.6,0,0,188,45
35,Tyler Lockett,SEA,WR,17,79,122,894,11.3,5,37,9,52.6,0,0,209,47
36,Deebo Samuel Sr.,SF,WR,15,60,89,892,14.9,7,54,15,59.5,1,0,527,34
37,Sam LaPorta,DET,TE,17,86,120,889,10.3,10,48,8,52.3,0,0,358,48
38,David Njoku,CLE,TE,16,81,123,882,10.9,6,43,12,55.1,2,2,599,35
39,Zay Flowers,BAL,WR,16,77,108,858,11.1,5,75,12,53.6,0,0,391,41
40,Trey McBride,ARI,TE,17,81,106,825,10.2,3,38,9,48.5,1,0,439,42
41,Jakobi Meyers,LV,WR,16,71,106,807,11.4,8,33,8,50.4,0,0,242,46
42,Jayden Reed,GB,WR,16,64,94,793,12.4,8,59,13,49.6,0,0,335,32
43,Christian Kirk,JAX,WR,12,57,85,787,13.8,3,57,13,65.6,2,2,247,34
44,Courtland Sutton,DEN,WR,16,59,90,772,13.1,10,46,14,48.3,3,3,156,37
45,Josh Downs,IND,WR,17,68,98,771,11.3,2,59,10,45.4,0,0,371,30
46,Darius Slayton,NYG,WR,17,50,79,770,15.4,4,80,11,45.3,0,0,298,29
47,Jake Ferguson,DAL,TE,17,71,102,761,10.7,5,40,8,44.8,0,0,425,40
48,Jerry Jeudy,DEN,WR,16,54,87,758,14.0,2,47,10,47.4,1,0,323,28
49,Gabe Davis,BUF,WR,17,45,81,746,16.6,7,57,12,43.9,1,1,180,34
50,Cooper Kupp,LAR,WR,12,59,95,737,12.5,5,62,10,61.4,0,0,322,33
51,Rashid Shaheed,NO,WR,15,46,75,719,15.6,5,58,12,47.9,0,0,151,27
52,Cole Kmet,CHI,TE,17,73,90,719,9.8,6,53,9,42.3,1,0,290,36
53,Diontae Johnson,PIT,WR,14,51,87,717,14.1,5,71,10,51.2,1,0,261,37
54,Tank Dell,HOU,WR,11,47,75,709,15.1,7,68,10,64.5,0,0,152,34
55,Romeo Doubs,GB,WR,17,59,96,674,11.4,8,36,7,39.6,1,0,134,41
56,Dalton Kincaid,BUF,TE,16,73,91,673,9.2,2,51,5,42.1,1,1,311,29
57,Tyler Boyd,CIN,WR,17,67,98,667,10.0,2,64,6,39.2,0,0,279,28
58,Kyle Pitts,ATL,TE,17,53,90,667,12.6,3,39,7,39.2,0,0,134,35
59,Brandin Cooks,DAL,WR,16,54,81,657,12.2,8,37,11,41.1,1,0,125,38
60,Tee Higgins,CIN,WR,12,42,76,656,15.6,5,80,8,54.7,0,0,235,33
61,Elijah Moore,CLE,WR,17,59,104,640,10.8,2,42,9,37.6,1,1,191,28
62,Dalton Schultz,HOU,TE,15,59,88,635,10.8,5,31,7,42.3,1,1,259,35
63,Jaxon Smith-Njigba,SEA,WR,17,63,93,628,10.0,4,35,7,36.9,0,0,366,29
64,Tyler Conklin,NYJ,TE,17,61,87,621,10.2,0,37,7,36.5,0,0,246,27
65,Curtis Samuel,WSH,WR,16,62,91,613,9.9,4,37,7,38.3,0,0,260,26
66,Khalil Shakir,BUF,WR,17,39,45,611,15.7,2,81,10,35.9,0,0,282,26
67,Josh Reynolds,DET,WR,17,40,64,608,15.2,5,33,17,35.8,1,1,173,32
68,Dallas Goedert,PHI,TE,14,59,83,592,10.0,3,49,6,42.3,0,0,319,33
69,Breece Hall,NYJ,RB,17,76,95,591,7.8,4,50,7,34.8,0,0,649,28
70,Jonnu Smith,ATL,TE,17,50,70,582,11.6,3,60,4,34.2,1,1,357,26
71,Joshua Palmer,LAC,WR,11,38,61,581,15.3,2,79,9,52.8,1,1,196,22
72,Dontayvion Wicks,GB,WR,15,39,58,581,14.9,4,35,11,38.7,3,1,211,29
73,Marquise Brown,ARI,WR,14,51,101,574,11.3,4,41,8,41.0,0,0,164,32
74,Noah Brown,HOU,WR,10,33,55,567,17.2,2,75,14,56.7,0,0,223,24
75,Odell Beckham Jr.,BAL,WR,14,35,64,565,16.1,3,51,10,40.4,1,1,155,27
76,Michael Wilson,ARI,WR,13,38,58,565,14.9,3,69,7,43.5,0,0,139,29
77,Christian McCaffrey,SF,RB,16,67,83,564,8.4,7,41,4,35.3,1,0,461,31
78,DeMario Douglas,NE,WR,14,49,79,561,11.4,0,42,6,40.1,1,1,336,26
79,Darren Waller,NYG,TE,12,52,74,552,10.6,1,29,8,46.0,0,0,211,25
80,Rachaad White,TB,RB,17,64,70,549,8.6,3,43,10,32.3,1,1,611,23
81,Mark Andrews,BAL,TE,10,45,61,544,12.1,6,38,8,54.4,1,0,216,27
82,K.J. Osborn,MIN,WR,16,48,75,540,11.3,3,47,7,33.8,1,0,185,28
83,Chigoziem Okonkwo,TEN,TE,17,54,77,528,9.8,1,39,6,31.1,0,0,260,25
84,DJ Chark Jr.,CAR,WR,15,35,66,525,15.0,5,47,9,35.0,2,1,84,22
85,Wan'Dale Robinson,NYG,WR,15,60,78,525,8.8,1,33,7,35.0,0,0,287,29
86,Jahan Dotson,WSH,WR,17,49,83,518,10.6,4,33,5,30.5,0,0,115,27
87,Alec Pierce,IND,WR,17,32,65,514,16.1,2,58,8,30.2,0,0,97,24
88,Logan Thomas,WSH,TE,16,55,78,496,9.0,4,29,3,31.0,2,2,229,21
89,Tyler Higbee,LAR,TE,15,47,70,495,10.5,2,33,6,33.0,0,0,246,26
90,Kalif Raymond,DET,WR,17,35,44,489,14.0,1,41,9,28.8,0,0,214,20
91,Bijan Robinson,ATL,RB,17,58,86,487,8.4,4,71,5,28.6,0,0,519,24
92,Tutu Atwell,LAR,WR,16,39,67,483,12.4,3,44,8,30.2,0,0,104,26
93,Travis Etienne Jr.,JAX,RB,17,58,73,476,8.2,1,56,2,28.0,0,0,517,23
94,Alvin Kamara,NO,RB,13,75,86,466,6.2,1,25,3,35.8,0,0,501,23
95,Justin Watson,KC,WR,16,27,53,460,17.0,3,41,8,28.8,1,1,47,21
96,Samaje Perine,DEN,RB,17,50,56,455,9.1,0,29,3,26.8,2,1,462,23
97,Cade Otton,TB,TE,17,47,67,455,9.7,4,27,6,26.8,1,1,223,22
98,Michael Thomas,NO,WR,10,39,64,448,11.5,1,31,4,44.8,0,0,100,21
99,James Cook,BUF,RB,17,44,54,445,10.1,4,48,7,26.2,1,1,398,16
100,Austin Ekeler,LAC,RB,14,51,74,436,8.5,1,39,5,31.1,2,2,528,21
101,Quentin Johnston,LAC,WR,17,38,67,431,11.3,2,57,5,25.4,0,0,152,20
102,Robert Woods,HOU,WR,14,40,75,426,10.6,1,26,2,30.4,0,0,126,26
103,Chris Moore,TEN,WR,17,22,35,424,19.3,0,49,9,24.9,1,0,57,16
104,Christian Watson,GB,WR,9,28,53,422,15.1,5,77,5,46.9,0,0,105,20
105,Hunter Henry,NE,TE,14,42,61,419,10.0,6,24,2,29.9,1,0,78,29
106,Michael Gallup,DAL,WR,17,34,57,418,12.3,2,41,6,24.6,0,0,104,19
107,Jonathan Mingo,CAR,WR,15,43,85,418,9.7,0,40,6,27.9,1,0,155,15
108,Noah Fant,SEA,TE,17,32,43,414,12.9,0,51,7,24.4,0,0,177,16
109,Darnell Mooney,CHI,WR,15,31,61,414,13.4,1,41,7,27.6,0,0,181,20
110,Gerald Everett,LAC,TE,15,51,70,411,8.1,3,31,4,27.4,3,0,275,25
111,Isaiah Likely,BAL,TE,17,30,40,411,13.7,5,54,6,24.2,0,0,216,15
112,Kendrick Bourne,NE,WR,8,37,55,406,11.0,4,36,5,50.8,1,1,203,15
113,DeVante Parker,NE,WR,13,33,55,394,11.9,0,30,6,30.3,0,0,126,17
114,Antonio Gibson,WSH,RB,16,48,59,389,8.1,2,41,3,24.3,2,1,377,19
115,Trey Palmer,TB,WR,17,39,68,385,9.9,3,54,6,22.6,3,1,103,17
116,Tyjae Spears,TEN,RB,17,52,70,385,7.4,1,48,4,22.6,1,0,460,17
117,Nelson Agholor,BAL,WR,17,35,45,381,10.9,4,37,4,22.4,1,0,141,19
118,Marvin Mims Jr.,DEN,WR,16,22,33,377,17.1,1,60,6,23.6,0,0,154,9
119,Joe Mixon,CIN,RB,17,52,64,376,7.2,3,45,4,22.1,0,0,463,14
120,Jalin Hyatt,NYG,WR,17,23,40,373,16.2,0,58,7,21.9,1,0,48,11
121,Demarcus Robinson,LAR,WR,16,26,39,371,14.3,4,37,7,23.2,2,1,89,20
122,Nick Westbrook-Ikhine,TEN,WR,14,28,45,370,13.2,3,33,8,26.4,0,0,107,18
123,Jaylen Warren,PIT,RB,17,61,74,370,6.1,0,30,2,21.8,1,1,486,19
124,Juwan Johnson,NO,TE,13,37,59,368,9.9,4,32,7,28.3,0,0,145,23
125,Kylen Granson,IND,TE,15,30,50,368,12.3,1,46,5,24.5,0,0,128,19
126,Brian Robinson Jr.,WSH,RB,15,36,43,368,10.2,4,51,8,24.5,1,0,409,15
127,Rashod Bateman,BAL,WR,16,32,56,367,11.5,1,29,2,22.9,0,0,59,20
128,Durham Smythe,MIA,TE,16,35,43,366,10.5,0,22,3,22.9,0,0,139,22
129,Tucker Kraft,GB,TE,17,31,40,355,11.5,2,43,5,20.9,0,0,232,18
130,Jameson Williams,DET,WR,12,24,42,354,14.8,2,63,5,29.5,1,0,105,14
131,Tanner Hudson,CIN,TE,12,39,50,352,9.0,1,26,3,29.3,0,0,148,21
132,Rondale Moore,ARI,WR,17,40,62,352,8.8,1,48,4,20.7,1,0,216,17
133,Luke Musgrave,GB,TE,11,34,46,352,10.4,1,37,5,32.0,0,0,169,14
134,Tre Tucker,LV,WR,16,19,34,331,17.4,2,50,6,20.7,0,0,28,12
135,Brandon Powell,MIN,WR,17,29,44,324,11.2,1,28,6,19.1,0,0,104,18
136,Zay Jones,JAX,WR,9,34,64,321,9.4,2,36,3,35.7,0,0,51,14
137,Jerome Ford,CLE,RB,17,44,63,319,7.3,5,50,2,18.8,0,0,304,16
138,Trenton Irwin,CIN,WR,16,25,32,316,12.6,1,32,7,19.8,1,0,110,15
139,Jahmyr Gibbs,DET,RB,15,52,71,316,6.1,1,24,2,21.1,0,0,314,20
140,Marquez Valdes-Scantling,KC,WR,16,21,42,315,15.0,1,46,5,19.7,1,1,92,14
141,Ezekiel Elliott,NE,RB,17,51,65,313,6.1,2,23,1,18.4,1,1,374,12
142,Allen Lazard,NYJ,WR,14,23,49,311,13.5,1,39,5,22.2,0,0,56,17
143,Tony Pollard,DAL,RB,17,55,67,311,5.7,0,60,2,18.3,2,0,321,12
144,Pat Freiermuth,PIT,TE,12,32,47,308,9.6,2,29,3,25.7,0,0,145,17
145,Noah Gray,KC,TE,17,28,41,305,10.9,2,34,4,17.9,0,0,140,16
146,Michael Mayer,LV,TE,14,27,40,304,11.3,2,32,2,21.7,0,0,164,19
147,Cedrick Wilson Jr.,MIA,WR,15,22,38,296,13.5,3,31,5,19.7,0,0,57,14
148,Josh Jacobs,LV,RB,13,37,54,296,8.0,0,21,1,22.8,1,0,293,15
149,Taysom Hill,NO,QB,16,33,40,291,8.8,2,36,2,18.2,0,0,133,11
150,Donald Parham Jr.,LAC,TE,14,27,41,285,10.6,4,24,2,20.4,0,0,125,22
151,Brandon Johnson,DEN,WR,13,19,30,284,14.9,4,50,6,21.8,0,0,89,12
152,Allen Robinson II,PIT,WR,17,34,49,280,8.2,0,31,2,16.5,0,0,68,9
153,Saquon Barkley,NYG,RB,14,41,60,280,6.8,4,46,4,20.0,0,0,226,16
154,Greg Dortch,ARI,WR,16,24,41,280,11.7,2,38,3,17.5,0,0,152,14
155,Jalen Tolbert,DAL,WR,17,22,36,268,12.2,2,45,3,15.8,0,0,34,13
156,Jauan Jennings,SF,WR,13,19,33,265,13.9,1,31,4,20.4,0,0,89,12
157,JuJu Smith-Schuster,NE,WR,11,29,47,260,9.0,1,37,3,23.6,0,0,94,13
158,Kenneth Walker III,SEA,RB,15,29,37,259,8.9,1,64,3,17.3,0,0,317,9
159,Hunter Renfrow,LV,WR,17,25,37,255,10.2,0,38,3,15.0,1,1,152,11
160,Daniel Bellinger,NYG,TE,17,25,28,255,10.2,0,26,4,15.0,0,0,134,6
161,Mack Hollins,ATL,WR,13,18,30,251,13.9,0,45,3,19.3,0,0,55,9
162,Mike Williams,LAC,WR,3,19,26,249,13.1,1,49,4,83.0,0,0,108,9
163,Colby Parkinson,SEA,TE,17,25,34,247,9.9,2,27,5,14.5,0,0,79,11
164,A.T. Perry,NO,WR,10,12,18,246,20.5,4,44,5,24.6,0,0,20,10
165,Mike Gesicki,NE,TE,17,29,45,244,8.4,2,18,0,14.4,0,0,92,11
166,Isiah Pacheco,KC,RB,14,44,49,244,5.5,2,33,2,17.4,0,0,359,12
167,Skyy Moore,KC,WR,14,21,38,244,11.6,1,54,3,17.4,0,0,109,13
168,Braxton Berrios,MIA,WR,16,27,33,238,8.8,1,22,1,14.9,0,0,85,15
169,Rhamondre Stevenson,NE,RB,12,38,51,238,6.3,0,34,2,19.8,0,0,261,8
170,Austin Hooper,LV,TE,17,25,31,234,9.4,0,21,2,13.8,0,0,142,12
171,Aaron Jones,GB,RB,11,30,43,233,7.8,1,51,2,21.2,1,0,271,13
172,Chuba Hubbard,CAR,RB,17,39,44,233,6.0,0,25,1,13.7,1,0,269,9
173,Alex Erickson,LAC,WR,8,16,29,232,14.5,1,27,4,29.0,0,0,63,12
174,KhaDarel Hodge,ATL,WR,17,14,23,232,16.6,0,52,3,13.6,0,0,82,13
175,Isaiah Hodgins,NYG,WR,17,21,33,230,11.0,3,24,1,13.5,1,1,75,12
176,Xavier Gipson,NYJ,WR,17,21,38,229,10.9,0,36,4,13.5,0,0,109,9
177,Javonte Williams,DEN,RB,16,47,58,228,4.9,2,18,0,14.3,1,1,301,10
178,Jamal Agnew,JAX,WR,11,14,21,225,16.1,1,65,2,20.5,1,1,76,8
179,Cedric Tillman,CLE,WR,14,21,44,224,10.7,0,23,1,16.0,0,0,88,12
180,AJ Dillon,GB,RB,15,22,28,223,10.1,0,35,4,14.9,0,0,231,10
181,Treylon Burks,TEN,WR,11,16,30,221,13.8,0,70,4,20.1,0,0,71,8
182,Brevin Jordan,HOU,TE,14,17,21,219,12.9,2,27,3,15.6,0,0,124,13
183,Bo Melton,GB,WR,5,16,24,218,13.6,1,37,3,43.6,0,0,37,13
184,Derrick Henry,TEN,RB,17,28,36,214,7.6,0,46,2,12.6,0,0,266,7
185,D'Andre Swift,PHI,RB,16,39,49,214,5.5,1,20,2,13.4,1,1,267,8
186,Josh Oliver,MIN,TE,17,22,28,213,9.7,2,33,3,12.5,1,1,162,12
187,Van Jefferson,ATL/LAR,WR,17,20,43,209,10.4,0,46,1,12.3,0,0,25,10
188,Zach Charbonnet,SEA,RB,16,33,40,209,6.3,0,39,1,13.1,0,0,248,7
189,Roschon Johnson,CHI,RB,15,34,40,209,6.1,0,24,2,13.9,0,0,247,6
190,Pharaoh Brown,NE,TE,17,13,15,208,16.0,1,58,5,12.2,1,1,121,8
191,Will Mallory,IND,TE,12,18,26,207,11.5,0,43,1,17.3,1,0,89,11
192,Justice Hill,BAL,RB,16,28,39,206,7.4,1,24,4,12.9,1,1,237,8
193,Kyren Williams,LAR,RB,12,32,48,206,6.4,3,24,2,17.2,1,1,277,9
194,Adam Trautman,DEN,TE,17,22,35,204,9.3,3,24,2,12.0,0,0,98,10
195,De'Von Achane,MIA,RB,11,27,37,197,7.3,3,23,2,17.9,0,0,262,10
196,Jake Bobo,SEA,WR,17,19,25,196,10.3,2,31,3,11.5,0,0,87,9
197,Tommy Tremble,CAR,TE,16,23,32,194,8.4,3,30,2,12.1,0,0,95,10
198,Foster Moreau,NO,TE,15,21,25,193,9.2,1,23,1,12.9,0,0,96,9
199,Devin Singletary,HOU,RB,17,30,38,193,6.4,0,41,2,11.4,0,0,217,7
200,Tyler Allgeier,ATL,RB,17,18,23,193,10.7,1,75,2,11.4,0,0,217,6
201,Jerick McKinnon,KC,RB,12,25,32,192,7.7,4,27,1,16.0,0,0,219,10
202,Zack Moss,IND,RB,14,27,37,192,7.1,2,26,1,13.7,0,0,189,10
203,Alexander Mattison,MIN,RB,16,30,44,192,6.4,3,47,1,12.0,1,0,181,5
204,Clyde Edwards-Helaire,KC,RB,15,17,22,188,11.1,1,48,3,12.5,0,0,228,7
205,Zach Ertz,ARI,TE,7,27,43,187,6.9,1,17,0,26.7,0,0,46,8
206,Dawson Knox,BUF,TE,13,22,36,186,8.5,2,17,0,14.3,0,0,96,13
207,Hayden Hurst,CAR,TE,9,18,32,184,10.2,1,48,1,20.4,0,0,67,7
208,Kenneth Gainwell,PHI,RB,16,30,37,183,6.1,0,19,0,11.4,0,0,175,11
209,Kyle Philips,TEN,WR,9,15,22,181,12.1,0,29,4,20.1,0,0,79,9
210,Gus Edwards,BAL,RB,17,12,13,180,15.0,0,80,2,10.6,1,0,145,5
211,Calvin Austin III,PIT,WR,17,17,30,180,10.6,1,72,1,10.6,0,0,73,7
212,Raheem Mostert,MIA,RB,15,25,32,175,7.0,3,22,1,11.7,2,0,213,6
213,Johnny Mundt,MIN,TE,17,17,23,172,10.1,1,32,2,10.1,0,0,94,8
214,Will Dissly,SEA,TE,16,17,22,172,10.1,1,21,2,10.8,0,0,120,8
215,Najee Harris,PIT,RB,17,29,38,170,5.9,0,32,1,10.0,0,0,175,9
216,Kadarius Toney,KC,WR,13,27,38,169,6.3,1,18,0,13.0,1,0,128,12
217,Dyami Brown,WSH,WR,17,12,23,168,14.0,1,35,2,9.9,0,0,76,8
218,Tyler Scott,CHI,WR,17,17,32,168,9.9,0,30,1,9.9,1,1,70,10
219,Connor Heyward,PIT,TE,17,23,34,167,7.3,0,13,0,9.8,0,0,94,8
220,David Bell,CLE,WR,15,14,23,167,11.9,3,41,3,11.1,0,0,73,9
221,James Conner,ARI,RB,13,27,33,165,6.1,2,34,2,12.7,0,0,211,11
222,Olamide Zaccheaus,PHI,WR,17,10,20,164,16.4,2,34,4,9.6,0,0,52,7
223,Drew Sample,CIN,TE,17,22,27,163,7.4,2,22,1,9.6,0,0,173,9
224,Elijah Higgins,ARI,TE,11,14,19,163,11.6,1,26,3,14.8,0,0,67,9
225,Lil'Jordan Humphrey,DEN,WR,17,13,19,162,12.5,3,54,1,9.5,0,0,99,9
226,Mo Alie-Cox,IND,TE,17,13,22,161,12.4,3,35,2,9.5,0,0,80,9
227,Scotty Miller,ATL,WR,17,11,16,161,14.6,2,56,2,9.5,0,0,80,6
228,Byron Pringle,WSH,WR,17,14,22,161,11.5,0,26,1,9.5,0,0,31,7
229,Jaleel McLaughlin,DEN,RB,17,31,36,160,5.2,2,22,1,9.4,0,0,290,5
230,Jamison Crowder,WSH,WR,17,16,20,159,9.9,1,26,1,9.4,0,0,80,8
231,Ty Chandler,MIN,RB,17,21,25,159,7.6,0,19,0,9.4,0,0,201,7
232,John Metchie III,HOU,WR,16,16,30,158,9.9,0,22,1,9.9,0,0,84,7
233,Chase Brown,CIN,RB,12,14,15,156,11.1,1,54,2,13.0,0,0,194,4
234,Luke Farrell,JAX,TE,17,13,15,155,11.9,0,42,2,9.1,0,0,96,5
235,Stone Smartt,LAC,TE,16,11,21,155,14.1,1,51,3,9.7,0,0,56,6
236,Donovan Peoples-Jones,CLE/DET,WR,15,13,25,155,11.9,0,29,2,10.3,0,0,35,7
237,Miles Sanders,CAR,RB,16,27,41,154,5.7,0,14,0,9.6,0,0,158,8
238,Jonathan Taylor,IND,RB,10,19,23,153,8.1,1,40,2,15.3,0,0,174,5
239,John Bates,WSH,TE,17,19,28,151,7.9,0,35,1,8.9,0,0,65,6
240,Jeremy Ruckert,NYJ,TE,15,16,22,151,9.4,0,23,1,10.1,0,0,51,6
241,Deonte Harty,BUF,WR,16,15,21,150,10.0,1,43,2,9.4,0,0,79,9
242,Drew Ogletree,IND,TE,12,9,21,147,16.3,2,33,4,12.3,0,0,30,8
243,Rico Dowdle,DAL,RB,16,17,22,144,8.5,2,32,1,9.0,0,0,170,6
244,Quez Watkins,PHI,WR,9,15,21,142,9.5,1,19,0,15.8,0,0,46,8
245,D'Ernest Johnson,JAX,RB,17,10,12,140,14.0,0,42,2,8.2,0,0,136,6
246,Terrace Marshall Jr.,CAR,WR,9,19,33,139,7.3,0,14,0,15.4,1,0,48,8
247,Jalen Reagor,NE,WR,11,7,23,138,19.7,0,39,3,12.5,0,0,18,5
248,Ray-Ray McCloud III,SF,WR,12,12,15,135,11.3,0,41,2,11.3,0,0,87,7
249,Khalil Herbert,CHI,RB,12,20,31,134,6.7,1,23,1,11.2,1,1,138,9
250,Jordan Akins,CLE,TE,17,15,23,132,8.8,0,28,1,7.8,0,0,58,6
251,Parker Washington,JAX,WR,9,16,21,132,8.3,2,19,0,14.7,1,1,34,5
252,Ameer Abdullah,LV,RB,17,19,24,131,6.9,0,18,0,7.7,0,0,88,4
253,KaVontae Turpin,DAL,WR,16,12,18,127,10.6,3,34,2,7.9,0,0,39,9
254,Robbie Chosen,MIA,WR,9,4,6,126,31.5,1,68,2,14.0,0,0,31,3
255,Stephen Sullivan,CAR,TE,11,12,24,125,10.4,0,20,1,11.4,0,0,8,5
256,Malik Heath,GB,WR,13,15,24,125,8.3,1,16,0,9.6,0,0,35,6
257,Mecole Hardman,KC/NYJ,WR,11,15,24,124,8.3,0,37,1,11.3,0,0,108,8
258,River Cracraft,MIA,WR,10,9,12,121,13.4,1,24,2,12.1,0,0,49,8
259,Cole Turner,WSH,TE,12,11,15,120,10.9,0,29,2,10.0,0,0,50,4
260,Latavius Murray,BUF,RB,16,17,22,119,7.0,0,22,2,7.4,1,0,92,7
261,Kyle Juszczyk,SF,FB,17,14,17,119,8.5,2,22,1,7.0,0,0,58,8
262,Alec Ingold,MIA,FB,17,13,16,119,9.2,0,23,1,7.0,0,0,91,5
263,Emari Demercado,ARI,RB,14,21,30,119,5.7,0,22,1,8.5,0,0,109,4
264,David Montgomery,DET,RB,14,16,24,117,7.3,0,19,0,8.4,0,0,149,7
265,Kendre Miller,NO,RB,8,10,11,117,11.7,0,33,2,14.6,0,0,128,5
266,Andrei Iosivas,CIN,WR,16,15,25,116,7.7,4,16,0,7.3,0,0,35,11
267,Irv Smith Jr.,CIN,TE,12,18,26,115,6.4,1,14,0,9.6,1,1,66,5
268,Richie James,KC,WR,9,10,14,114,11.4,0,45,1,12.7,0,0,61,5
269,Robert Tonyan,CHI,TE,17,11,17,112,10.2,0,24,1,6.6,0,0,57,6
270,MyCole Pruitt,ATL,TE,17,9,12,110,12.2,1,22,2,6.5,1,0,51,6
271,Parris Campbell,NYG,WR,12,20,27,104,5.2,0,17,0,8.7,0,0,65,2
272,Darrell Henderson Jr.,LAR,RB,4,10,14,103,10.3,0,32,1,25.8,0,0,134,3
273,Michael Carter,ARI/NYJ,RB,15,24,31,101,4.2,1,10,0,6.7,0,0,87,5
274,Dameon Pierce,HOU,RB,14,13,17,101,7.8,0,27,1,7.2,0,0,95,3
275,Zamir White,LV,RB,17,15,19,98,6.5,0,15,0,5.8,0,0,94,4
276,Lucas Krull,DEN,TE,7,8,14,95,11.9,1,35,1,13.6,0,0,50,5
277,Davis Allen,LAR,TE,15,10,11,95,9.5,1,21,1,6.3,0,0,74,7
278,Geoff Swaim,ARI,TE,14,10,11,94,9.4,0,26,1,6.7,0,0,30,4
279,David Moore,TB,WR,7,5,7,94,18.8,1,52,1,13.4,0,0,62,3
280,Josh Whyle,TEN,TE,11,9,15,94,10.4,1,24,1,8.5,0,0,40,8
281,Keaton Mitchell,BAL,RB,8,9,11,93,10.3,0,32,1,11.6,0,0,122,5
282,Brock Wright,DET,TE,14,13,14,91,7.0,1,25,1,6.5,0,0,49,2
283,Tyquan Thornton,NE,WR,9,13,23,91,7.0,0,15,0,10.1,0,0,50,3
284,Xavier Hutchinson,HOU,WR,16,8,19,90,11.3,0,34,1,5.6,0,0,20,3
285,Jalen Guyton,LAC,WR,8,10,21,89,8.9,1,18,0,11.1,0,0,32,6
286,Matt Breida,NYG,RB,17,17,21,88,5.2,0,22,2,5.2,1,0,89,2
287,Salvon Ahmed,MIA,RB,8,16,23,88,5.5,1,20,1,11.0,0,0,109,4
288,Charlie Kolar,BAL,TE,15,7,9,87,12.4,1,19,0,5.8,0,0,17,5
289,Trent Sherfield Sr.,BUF,WR,17,11,22,86,7.8,1,12,0,5.1,0,0,49,4
290,Jeff Wilson Jr.,MIA,RB,10,14,17,85,6.1,0,12,0,8.5,0,0,69,3
291,Kareem Hunt,CLE,RB,15,15,21,84,5.6,0,13,0,5.6,0,0,98,5
292,Tim Jones,JAX,WR,17,11,18,83,7.5,0,15,0,4.9,0,0,31,4
293,Lynn Bowden Jr.,NO,WR,15,11,16,83,7.5,0,17,0,5.5,0,0,57,2
294,Deven Thompkins,TB,WR,17,17,25,83,4.9,1,26,1,4.9,1,1,84,5
295,Isaiah McKenzie,IND,WR,13,11,14,82,7.5,0,30,1,6.3,0,0,72,4
296,Chase Edmonds,TB,RB,13,14,17,81,5.8,0,14,0,6.2,0,0,111,5
297,Harrison Bryant,CLE,TE,17,13,20,81,6.2,3,23,1,4.8,0,0,35,5
298,Dalvin Cook,NYJ,RB,15,15,20,78,5.2,0,15,0,5.2,0,0,106,3
299,Brycen Hopkins,LAR,TE,15,5,7,78,15.6,0,29,2,5.2,0,0,32,3
300,Samori Toure,GB,WR,11,8,18,78,9.8,0,35,1,7.1,0,0,18,4
301,D'Onta Foreman,CHI,RB,9,11,16,77,7.0,1,17,0,8.6,0,0,64,6
302,Chase Claypool,CHI/MIA,WR,12,8,21,77,9.6,1,20,1,6.4,0,0,25,4
303,Julio Jones,PHI,WR,11,11,19,74,6.7,3,22,1,6.7,0,0,28,4
304,Cam Akers,LAR/MIN,RB,7,11,12,70,6.4,0,30,1,10.0,0,0,78,2
305,Chris Conley,SF,WR,8,3,6,69,23.0,0,48,1,8.6,0,0,28,2
306,Ronnie Bell,SF,WR,17,6,13,68,11.3,3,20,1,4.0,0,0,10,5
307,Marquise Goodwin,CLE,WR,12,4,13,67,16.8,0,57,1,5.6,0,0,21,1
308,Ben Skowronek,LAR,WR,17,8,12,66,8.3,1,20,1,3.9,0,0,30,3
309,Derius Davis,LAC,WR,17,15,17,66,4.4,0,18,0,3.9,0,0,115,0
310,Josiah Deguara,GB,TE,15,8,8,65,8.1,0,19,0,4.3,0,0,39,3
311,Luke Schoonmaker,DAL,TE,17,8,15,65,8.1,2,18,0,3.8,0,0,27,5
312,Charlie Jones,CIN,WR,11,7,9,64,9.1,0,35,1,5.8,0,0,38,3
313,Jalen Brooks,DAL,WR,7,6,6,64,10.7,0,24,1,9.1,0,0,28,4
314,Jamaal Williams,NO,RB,13,18,20,62,3.4,0,12,0,4.8,0,0,87,1
315,Ty Johnson,BUF,RB,10,7,7,62,8.9,1,28,1,6.2,0,0,60,2
316,Equanimeous St. Brown,CHI,WR,7,5,6,62,12.4,0,21,1,8.9,0,0,7,3
317,Darnell Washington,PIT,TE,17,7,10,61,8.7,0,12,0,3.6,0,0,50,4
318,Laviska Shenault Jr.,CAR,WR,8,10,10,60,6.0,0,14,0,7.5,0,0,85,2
319,Rakim Jarrett,TB,WR,10,4,9,60,15.0,0,41,1,6.0,0,0,27,1
320,C.J. Uzomah,NYJ,TE,12,8,12,58,7.3,1,19,0,4.8,0,0,33,5
321,Payne Durham,TB,TE,13,5,7,58,11.6,0,25,1,4.5,0,0,12,3
322,Kevin Harris,NE,RB,4,3,3,58,19.3,0,48,1,14.5,0,0,59,2
323,Sterling Shepard,NYG,WR,15,10,22,57,5.7,1,13,0,3.8,0,0,33,4
324,Mitchell Wilcox,CIN,TE,17,9,12,56,6.2,0,12,0,3.3,0,0,48,2
325,Ian Thomas,CAR,TE,12,5,9,56,11.2,0,28,1,4.7,0,0,33,1
326,D.J. Montgomery,IND,WR,7,3,8,56,18.7,1,34,1,8.0,0,0,28,3
327,Jason Brownlee,NYJ,WR,7,5,8,56,11.2,1,24,1,8.0,0,0,20,2
328,Andrew Beck,HOU,FB,15,11,13,55,5.0,2,26,1,3.7,1,1,37,4
329,Justyn Ross,KC,WR,10,6,11,53,8.8,0,20,1,5.3,0,0,15,2
330,Patrick Ricard,BAL,FB,17,5,7,52,10.4,1,28,1,3.1,0,0,35,3
331,Boston Scott,PHI,RB,15,4,6,52,13.0,0,27,1,3.5,0,0,43,2
332,Ihmir Smith-Marsette,CAR,WR,17,8,10,51,6.4,0,18,0,3.0,0,0,48,5
333,Darrynton Evans,CHI/MIA,RB,7,7,12,49,7.0,0,17,0,7.0,0,0,69,2
334,Patrick Taylor Jr.,GB,RB,11,11,17,49,4.5,0,16,0,4.5,0,0,59,4
335,Julian Hill,MIA,TE,15,6,9,48,8.0,0,18,0,3.2,1,1,30,2
336,Gary Brightwell,NYG,RB,7,5,7,47,9.4,0,18,0,6.7,0,0,53,2
337,Pierre Strong Jr.,CLE,RB,17,5,8,47,9.4,0,41,1,2.8,0,0,73,1
338,Craig Reynolds,DET,RB,17,5,5,47,9.4,0,28,1,2.8,0,0,59,2
339,Melvin Gordon III,BAL,RB,4,3,3,46,15.3,0,23,1,11.5,0,0,28,3
340,Raheem Blackshear,CAR,RB,12,6,7,45,7.5,0,19,0,3.8,0,0,38,1
341,Mike Strachan,CAR,WR,4,1,3,45,45.0,0,45,1,11.3,0,0,8,1
342,Israel Abanikanda,NYJ,RB,6,7,11,43,6.1,0,13,0,7.2,0,0,46,2
343,Britain Covey,PHI,WR,16,4,6,42,10.5,0,22,1,2.6,0,0,26,2
344,Ty Montgomery II,NE,WR,13,5,12,40,8.0,0,17,0,3.1,0,0,27,3
345,Mike Boone,HOU,RB,9,7,9,40,5.7,0,12,0,4.4,0,0,33,2
346,Deuce Vaughn,DAL,RB,7,7,7,40,5.7,0,11,0,5.7,0,0,46,1
347,Jimmy Graham,NO,TE,13,6,7,39,6.5,4,12,0,3.0,0,0,3,6
348,Randall Cobb,NYJ,WR,11,5,17,39,7.8,1,15,0,3.5,0,0,23,3
349,DeAndre Carter,LV,WR,17,4,7,39,9.8,0,16,0,2.3,0,0,50,0
350,Grant Calcaterra,PHI,TE,15,4,4,39,9.8,0,12,0,2.6,0,0,32,3
351,Cordarrelle Patterson,ATL,RB,14,9,12,38,4.2,1,11,0,2.7,0,0,37,2
352,Jack Stoll,PHI,TE,17,5,8,38,7.6,0,14,0,2.2,0,0,25,2
353,Elijah Cooks,JAX,WR,9,3,4,38,12.7,0,23,1,4.2,0,0,8,2
354,Peyton Hendershot,DAL,TE,8,4,7,38,9.5,0,24,1,4.8,0,0,28,1
355,Keith Kirkwood,NO,WR,13,5,9,37,7.4,1,13,0,2.8,0,0,1,3
356,Tony Jones Jr.,ARI/NO,RB,7,7,10,37,5.3,0,11,0,5.3,0,0,44,1
357,Lawrence Cager,NYG,TE,11,4,5,36,9.0,1,10,0,3.3,0,0,27,2
358,Marvin Jones Jr.,DET,WR,6,5,10,35,7.0,0,16,0,5.8,1,1,9,2
359,Brenton Strange,JAX,TE,14,5,9,35,7.0,1,17,0,2.5,0,0,28,2
360,Isaiah Spiller,LAC,RB,9,6,6,34,5.7,0,10,0,3.8,0,0,39,1
361,Tyler Goodson,IND,RB,6,6,9,34,5.7,0,15,0,5.7,0,0,51,1
362,Keith Smith,ATL,FB,13,3,3,33,11.0,0,28,1,2.5,0,0,15,1
363,Keelan Doss,LAC,WR,5,6,13,33,5.5,0,9,0,6.6,0,0,14,1
364,La'Mical Perine,KC,RB,5,3,5,33,11.0,0,25,1,6.6,0,0,32,1
365,Teagan Quitoriano,HOU,TE,7,2,3,33,16.5,0,22,1,4.7,0,0,18,2
366,Joshua Kelley,LAC,RB,17,8,12,32,4.0,0,6,0,1.9,0,0,39,0
367,Charlie Woerner,SF,TE,17,3,3,32,10.7,0,20,1,1.9,0,0,20,1
368,Kenyan Drake,GB,RB,3,2,3,31,15.5,0,24,1,10.3,1,1,36,0
369,Khalil Dorsey,DET,CB,13,1,1,31,31.0,0,31,1,2.4,0,0,9,1
370,Jordan Mason,SF,RB,17,3,4,31,10.3,0,13,0,1.8,0,0,23,1
371,Marcedes Lewis,CHI,TE,17,4,5,29,7.3,1,16,0,1.7,0,0,29,2
372,Austin Trammell,LAR,WR,16,4,7,29,7.3,0,14,0,1.8,0,0,35,2
373,Jalen Nailor,MIN,WR,6,3,6,29,9.7,0,16,0,4.8,0,0,21,1
374,Kenny Yeboah,NYJ,TE,5,2,4,28,14.0,0,20,1,5.6,0,0,20,1
375,James Mitchell,DET,TE,15,2,2,28,14.0,0,24,1,1.9,0,0,12,1
376,Blake Bell,KC,TE,17,5,9,26,5.2,1,8,0,1.5,1,1,19,1
377,DeeJay Dallas,SEA,RB,17,6,9,26,4.3,0,14,0,1.5,0,0,31,1
378,Quintin Morris,BUF,TE,15,2,3,26,13.0,1,15,0,1.7,0,0,5,1
379,Keaontay Ingram,ARI,RB,8,4,4,26,6.5,0,9,0,3.3,0,0,31,1
380,Steven Sims,HOU,WR,3,3,3,25,8.3,0,23,1,8.3,0,0,27,1
381,C.J. Ham,MIN,FB,17,7,9,25,3.6,0,7,0,1.5,0,0,20,1
382,Greg Dulcich,DEN,TE,2,3,4,25,8.3,0,13,0,12.5,0,0,5,2
383,Emanuel Wilson,GB,RB,7,4,5,23,5.8,0,9,0,3.3,0,0,30,1
384,Ronnie Rivers,LAR,RB,9,5,5,22,4.4,0,10,0,2.4,0,0,41,0
385,Nick Muse,MIN,TE,2,1,1,22,22.0,0,22,1,11.0,0,0,10,1
386,Nate Adkins,DEN,TE,10,4,5,22,5.5,0,11,0,2.2,0,0,24,1
387,Eric Gray,NYG,RB,13,6,7,22,3.7,0,9,0,1.7,0,0,40,0
388,Nick Bawden,NYJ,FB,16,3,3,21,7.0,0,8,0,1.3,0,0,22,1
389,Nick Chubb,CLE,RB,2,4,4,21,5.3,0,10,0,10.5,0,0,20,1
390,Trevon Wesco,TEN,TE,15,1,3,21,21.0,0,21,1,1.4,0,0,12,1
391,Ben Sims,GB,TE,17,4,6,21,5.3,1,12,0,1.2,0,0,18,3
392,Velus Jones Jr.,CHI,WR,14,4,7,20,5.0,0,11,0,1.4,0,0,15,1
393,Zach Pascal,ARI,WR,14,4,15,19,4.8,0,9,0,1.4,0,0,12,1
394,Kayshon Boutte,NE,WR,5,2,7,19,9.5,0,11,0,3.8,0,0,10,1
395,Dare Ogunbowale,HOU,RB,12,2,7,18,9.0,0,14,0,1.5,0,0,5,0
396,Devin Duvernay,BAL,WR,13,4,9,18,4.5,0,10,0,1.4,0,0,17,0
397,Hunter Luepke,DAL,RB,17,3,4,18,6.0,0,12,0,1.1,0,0,16,1
398,Brandin Echols,NYJ,CB,14,1,1,18,18.0,0,18,0,1.3,0,0,8,1
399,Miles Boykin,PIT,WR,17,3,4,17,5.7,0,6,0,1.0,0,0,2,0
400,Chris Manhertz,DEN,TE,16,2,4,16,8.0,0,10,0,1.0,0,0,10,1
401,Laquon Treadwell,BAL,WR,5,1,3,16,16.0,0,16,0,3.2,0,0,0,1
402,Damien Harris,BUF,RB,6,2,2,16,8.0,0,13,0,2.7,0,0,16,0
403,J.K. Dobbins,BAL,RB,1,2,3,15,7.5,0,10,0,15.0,0,0,15,0
404,Willie Snead IV,SF,WR,4,2,3,14,7.0,0,9,0,3.5,0,0,3,0
405,Deon Jackson,IND/CLE/NYG,RB,4,5,6,14,2.8,0,8,0,3.5,1,1,20,0
406,Elijah Mitchell,SF,RB,11,6,8,14,2.3,0,9,0,1.3,0,0,26,2
407,Royce Freeman,LAR,RB,14,1,2,13,13.0,0,13,0,0.9,0,0,14,1
408,Alex Armah,WSH,RB,8,3,3,13,4.3,0,10,0,1.6,0,0,27,1
409,Trey Sermon,IND,RB,14,3,6,13,4.3,0,7,0,0.9,0,0,6,0
410,Elijah Dotson,LAC,RB,4,2,2,13,6.5,0,7,0,3.3,0,0,14,0
411,Malik Taylor,NYJ,WR,3,2,4,13,6.5,0,7,0,4.3,0,0,7,0
412,Damien Williams,DAL,RB,3,2,2,12,6.0,0,8,0,4.0,0,0,11,0
413,Eric Saubert,HOU/DAL,TE,10,3,3,12,4.0,0,5,0,1.2,0,0,6,1
414,Jakob Johnson,LV,FB,13,1,2,12,12.0,0,12,0,0.9,0,0,10,0
415,Ross Dwelley,SF,TE,12,1,2,12,12.0,0,12,0,1.0,0,0,12,1
416,Adam Prentice,NO,FB,13,2,3,12,6.0,0,7,0,0.9,0,0,8,0
417,Jake Funk,IND,RB,4,1,1,12,12.0,0,12,0,3.0,0,0,12,1
418,Chris Rodriguez Jr.,WSH,RB,13,2,2,12,6.0,0,7,0,0.9,0,0,19,1
419,Jashaun Corbin,NYG,RB,6,3,3,12,4.0,0,7,0,2.0,0,0,13,1
420,John FitzPatrick,ATL,TE,9,1,1,12,12.0,0,12,0,1.3,0,0,10,1
421,Collin Johnson,CHI,WR,3,1,1,11,11.0,0,11,0,3.7,0,0,4,1
422,Tylan Wallace,BAL,WR,11,1,2,11,11.0,0,11,0,1.0,0,0,0,1
423,Anthony McFarland Jr.,PIT,RB,3,2,2,11,5.5,0,6,0,3.7,0,0,7,1
424,Cody Thompson,SEA,WR,7,1,1,10,10.0,0,10,0,1.4,0,0,4,0
425,Trayveon Williams,CIN,RB,17,7,9,10,1.4,0,5,0,0.6,0,0,35,0
426,Justin Herbert,LAC,QB,13,1,1,10,10.0,0,10,0,0.8,0,0,17,1
427,Trishton Jackson,MIN,WR,7,2,4,9,4.5,0,7,0,1.3,0,0,7,0
428,Tucker Fisk,ATL,TE,6,1,1,9,9.0,0,9,0,1.5,0,0,6,1
429,Simi Fehoko,LAC,WR,6,1,2,9,9.0,1,9,0,1.5,0,0,7,1
430,Sean Tucker,TB,RB,11,2,2,9,4.5,0,6,0,0.8,0,0,12,0
431,Tyler Johnson,LAR,WR,1,2,3,8,4.0,1,8,0,8.0,0,0,1,1
432,Michael Burton,DEN,FB,17,3,3,8,2.7,0,4,0,0.5,0,0,6,2
433,Devine Ozigbo,DET,RB,3,1,1,8,8.0,0,8,0,2.7,0,0,5,0
434,Zonovan Knight,DET,RB,2,1,1,8,8.0,0,8,0,4.0,0,0,13,0
435,Kevin Rader,TEN,TE,14,1,3,6,6.0,0,6,0,0.4,0,0,4,0
436,Mason Kinsey,TEN,WR,6,1,1,6,6.0,0,6,0,1.0,0,0,8,0
437,Malcolm Rodriguez,DET,LB,17,1,1,6,6.0,0,6,0,0.4,0,0,0,1
438,Cole Fotheringham,LV,TE,2,1,1,6,6.0,0,6,0,3.0,0,0,5,0
439,Tank Bigsby,JAX,RB,17,1,4,6,6.0,0,6,0,0.4,0,0,5,0
440,Evan Hull,IND,RB,1,1,1,6,6.0,0,6,0,6.0,0,0,3,0
441,Greg Van Roten,LV,G,17,0,0,5,0.0,0,5,0,0.3,1,1,5,0
442,Rashaad Penny,PHI,RB,3,1,1,5,5.0,0,5,0,1.7,0,0,6,0
443,Dan Skipper,DET,OT,11,1,1,4,4.0,0,4,0,0.4,0,0,5,0
444,Jesper Horsted,LV,TE,13,1,1,4,4.0,0,4,0,0.3,0,0,2,0
445,Sam Howell,WSH,QB,17,1,1,4,4.0,0,4,0,0.2,0,0,3,0
446,Nick Vannett,LAC,TE,8,1,1,3,3.0,0,3,0,0.4,0,0,0,1
447,Reggie Gilliam,BUF,FB,17,1,1,3,3.0,0,3,0,0.2,0,0,2,0
448,Cole Strange,NE,G,10,0,0,3,0.0,0,3,0,0.3,0,0,3,0
449,Colton Dowell,TEN,WR,10,1,2,3,3.0,0,3,0,0.3,0,0,0,0
450,Khari Blasingame,CHI,FB,16,3,6,2,0.7,0,4,0,0.1,0,0,5,0
451,Giovanni Ricci,CAR,FB,5,1,1,2,2.0,0,2,0,0.4,0,0,3,0
452,Ke'Shawn Vaughn,TB,RB,6,2,5,2,1.0,0,3,0,0.3,0,0,1,0
453,Ko Kieft,TB,TE,16,1,5,2,2.0,1,2,0,0.1,0,0,2,1
454,Jeffery Simmons,TEN,DT,12,1,1,2,2.0,1,2,0,0.2,0,0,0,1
455,Kwamie Lassiter II,CIN,WR,1,1,1,2,2.0,0,2,0,2.0,0,0,3,0
456,Antoine Green,DET,WR,9,1,2,2,2.0,0,2,0,0.2,0,0,1,0
457,Ryan Tannehill,TEN,QB,10,0,1,0,0.0,0,0,0,0.0,0,0,0,0
458,Damiere Byrd,ATL,WR,1,0,2,0,0.0,0,0,0,0.0,0,0,0,0
459,Phillip Dorsett,DEN,WR,2,0,3,0,0.0,0,0,0,0.0,0,0,0,0
460,Donovan Smith,KC,OT,12,1,1,0,0.0,0,0,0,0.0,0,0,0,0
461,Jonathan Williams,WSH,RB,1,0,1,0,0.0,0,0,0,0.0,0,0,0,0
462,Trent Taylor,CHI,WR,17,0,2,0,0.0,0,0,0,0.0,0,0,0,0
463,Juwann Winfree,IND,WR,8,0,1,0,0.0,0,0,0,0.0,0,0,0,0
464,James Proche II,CLE,WR,10,0,5,0,0.0,0,0,0,0.0,0,0,0,0
465,JaMycal Hasty,NE/JAX,RB,5,0,2,0,0.0,0,0,0,0.0,0,0,0,0
466,Irvin Charles,NYJ,WR,12,0,1,0,0.0,0,0,0,0.0,0,0,0,0
467,Albert Okwuegbunam Jr.,PHI,TE,4,0,1,0,0.0,0,0,0,0.0,0,0,0,0
468,Sean McKeon,DAL,TE,9,0,2,0,0.0,0,0,0,0.0,0,0,0,0
469,Travis Homer,CHI,RB,16,0,1,0,0.0,0,0,0,0.0,0,0,0,0
470,Dee Eskridge,SEA,WR,4,0,1,0,0.0,0,0,0,0.0,0,0,0,0
471,Ben Bredeson,NYG,G,16,1,1,0,0.0,0,0,0,0.0,0,0,2,0
472,Amari Rodgers,IND,WR,3,0,2,0,0.0,0,0,0,0.0,0,0,0,0
473,Jordan Mims,NO,RB,2,0,2,0,0.0,0,0,0,0.0,0,0,0,0
474,Rodney Williams,PIT,TE,13,0,2,0,0.0,0,0,0,0.0,0,0,0,0
475,Shedrick Jackson,CIN,WR,3,0,1,0,0.0,0,0,0,0.0,0,0,0,0
476,Erik Ezukanma,MIA,WR,2,0,1,0,0.0,0,0,0,0.0,0,0,0,0
477,Gunner Olszewski,PIT/NYG,WR,12,1,1,0,0.0,0,0,0,0.0,1,1,0,0
478,C.J. Stroud,HOU,QB,15,1,1,0,0.0,0,0,0,0.0,0,0,1,0
479,Chris Evans,CIN,RB,8,1,1,-1,-1.0,0,-1,0,-0.1,0,0,0,0
480,Geno Smith,SEA,QB,15,1,1,-2,-2.0,0,-2,0,-0.1,0,0,6,0
481,James Robinson,GB,RB,1,1,1,-2,-2.0,0,-2,0,-2.0,0,0,1,0
482,Robert Hainsey,TB,C,17,0,0,-3,0.0,0,-3,0,-0.2,0,0,-3,0
483,Desmond Ridder,ATL,QB,15,1,1,-6,-6.0,0,-6,0,-0.4,0,0,0,0
484,Jake Browning,CIN,QB,9,1,1,-7,-7.0,0,-7,0,-0.8,0,0,0,0
485,David Wells,TB,TE,5,2,2,-10,-5.0,0,1,0,-2.0,1,0,-11,1
