RK,Name,Team,POS,GP,ATT,YDS,AVG,LNG,BIG,TD,YDS/G,FUM,LST,FD
1,Christian McCaffrey,SF,RB,16,272,1459,5.4,72,9,14,91.2,2,2,83
2,Derrick Henry,TEN,RB,17,280,1167,4.2,69,5,12,68.6,0,0,63
3,Kyren Williams,LAR,RB,12,228,1144,5.0,56,7,12,95.3,2,1,62
4,James Cook,BUF,RB,17,237,1122,4.7,42,6,2,66.0,3,1,53
5,D'Andre Swift,PHI,RB,16,229,1049,4.6,43,6,5,65.6,2,0,50
6,James Conner,ARI,RB,13,208,1040,5.0,44,11,7,80.0,0,0,57
7,Najee Harris,PIT,RB,17,255,1035,4.1,25,8,8,60.9,2,1,51
8,Joe Mixon,CIN,RB,17,257,1034,4.0,44,3,9,60.8,0,0,59
9,David Montgomery,DET,RB,14,219,1015,4.6,75,4,13,72.5,2,1,59
10,Raheem Mostert,MIA,RB,15,209,1012,4.8,49,7,18,67.5,2,1,59
11,Travis Etienne Jr.,JAX,RB,17,267,1008,3.8,62,6,11,59.3,0,0,53
12,Tony Pollard,DAL,RB,17,252,1005,4.0,31,6,6,59.1,1,1,56
13,Breece Hall,NYJ,RB,17,223,994,4.5,83,7,5,58.5,2,0,40
14,Rachaad White,TB,RB,17,272,990,3.6,38,3,6,58.2,2,1,46
15,Bijan Robinson,ATL,RB,17,214,976,4.6,38,7,4,57.4,4,3,50
16,Saquon Barkley,NYG,RB,14,247,962,3.9,36,7,6,68.7,2,2,51
17,Jahmyr Gibbs,DET,RB,15,182,945,5.2,36,10,10,63.0,2,1,42
18,Isiah Pacheco,KC,RB,14,205,935,4.6,48,6,7,66.8,1,1,53
19,Kenneth Walker III,SEA,RB,15,219,905,4.1,45,7,8,60.3,1,0,46
20,Chuba Hubbard,CAR,RB,17,238,902,3.8,22,4,5,53.1,0,0,59
21,Devin Singletary,HOU,RB,17,216,898,4.2,24,3,4,52.8,1,0,40
22,Lamar Jackson,BAL,QB,16,148,821,5.5,30,4,5,51.3,5,2,48
23,Jerome Ford,CLE,RB,17,204,813,4.0,69,5,4,47.8,1,1,33
24,Gus Edwards,BAL,RB,17,198,810,4.1,42,6,13,47.6,2,2,49
25,Josh Jacobs,LV,RB,13,233,805,3.5,63,3,6,61.9,2,1,34
26,De'Von Achane,MIA,RB,11,103,800,7.8,76,8,8,72.7,1,1,30
27,Zack Moss,IND,RB,14,183,794,4.3,56,6,5,56.7,0,0,43
28,Jaylen Warren,PIT,RB,17,149,784,5.3,74,6,4,46.1,3,1,36
29,Javonte Williams,DEN,RB,16,217,774,3.6,21,2,3,48.4,0,0,41
30,Jonathan Taylor,IND,RB,10,169,741,4.4,49,4,7,74.1,1,0,42
31,Brian Robinson Jr.,WSH,RB,15,178,733,4.1,29,4,5,48.9,3,2,47
32,Alexander Mattison,MIN,RB,16,180,700,3.9,21,1,0,43.8,2,2,28
33,Alvin Kamara,NO,RB,13,180,694,3.9,17,0,5,53.4,0,0,42
34,Tyler Allgeier,ATL,RB,17,186,683,3.7,31,2,4,40.2,0,0,39
35,Justin Fields,CHI,QB,13,124,657,5.3,39,4,4,50.5,3,1,43
36,Aaron Jones,GB,RB,11,142,656,4.6,39,3,2,59.6,1,1,34
37,Ezekiel Elliott,NE,RB,17,184,642,3.5,17,0,3,37.8,1,0,33
38,Austin Ekeler,LAC,RB,14,179,628,3.5,55,3,5,44.9,3,2,34
39,Rhamondre Stevenson,NE,RB,12,156,619,4.0,64,1,4,51.6,1,1,36
40,AJ Dillon,GB,RB,15,178,613,3.4,40,1,2,40.9,0,0,32
41,Khalil Herbert,CHI,RB,12,132,611,4.6,38,5,2,50.9,0,0,25
42,Jalen Hurts,PHI,QB,17,157,605,3.9,24,2,15,35.6,6,4,68
43,Josh Allen,BUF,QB,17,111,524,4.7,23,1,15,30.8,5,3,57
44,Zach Charbonnet,SEA,RB,16,108,462,4.3,23,4,1,28.9,0,0,32
45,Ty Chandler,MIN,RB,17,102,461,4.5,31,3,3,27.1,0,0,20
46,Tyjae Spears,TEN,RB,17,100,453,4.5,23,3,2,26.6,0,0,24
47,Zamir White,LV,RB,17,104,451,4.3,43,2,1,26.5,1,1,19
48,Miles Sanders,CAR,RB,16,129,432,3.3,48,1,1,27.0,2,2,24
49,D'Onta Foreman,CHI,RB,9,109,425,3.9,22,1,4,47.2,1,0,24
50,Joshua Dobbs,ARI/MIN,QB,13,77,421,5.5,44,6,6,32.4,7,2,31
51,Dameon Pierce,HOU,RB,14,145,416,2.9,22,1,2,29.7,0,0,14
52,Kareem Hunt,CLE,RB,15,135,411,3.0,16,0,9,27.4,0,0,39
53,Jaleel McLaughlin,DEN,RB,17,76,410,5.4,38,4,1,24.1,0,0,16
54,Joshua Kelley,LAC,RB,17,107,405,3.8,49,2,2,23.8,1,1,21
55,Taysom Hill,NO,QB,16,81,401,5.0,27,3,4,25.1,1,1,26
56,Keaton Mitchell,BAL,RB,8,47,396,8.4,60,7,2,49.5,0,0,19
57,Patrick Mahomes,KC,QB,16,75,389,5.2,25,2,0,24.3,1,0,27
58,Justice Hill,BAL,RB,16,84,387,4.6,41,2,3,24.2,0,0,18
59,Kenneth Gainwell,PHI,RB,16,84,364,4.3,32,3,2,22.8,3,1,19
60,Rico Dowdle,DAL,RB,16,89,361,4.1,21,2,2,22.6,0,0,17
61,Roschon Johnson,CHI,RB,15,81,352,4.3,29,2,2,23.5,1,0,16
62,Russell Wilson,DEN,QB,15,80,341,4.3,21,2,3,22.7,3,1,38
63,Trevor Lawrence,JAX,QB,16,70,339,4.8,26,3,4,21.2,5,2,23
64,Royce Freeman,LAR,RB,14,77,319,4.1,23,1,2,22.8,0,0,17
65,Jamaal Williams,NO,RB,13,106,306,2.9,17,0,1,23.5,1,0,19
66,Latavius Murray,BUF,RB,16,79,300,3.8,29,2,4,18.8,0,0,27
67,Pierre Strong Jr.,CLE,RB,17,63,291,4.6,40,2,1,17.1,1,1,9
68,Emari Demercado,ARI,RB,14,58,284,4.9,49,1,2,20.3,0,0,12
69,Elijah Mitchell,SF,RB,11,75,281,3.7,18,0,2,25.5,0,0,14
70,Antonio Gibson,WSH,RB,16,65,265,4.1,16,0,1,16.6,1,1,13
71,Sam Howell,WSH,QB,17,48,263,5.5,24,3,5,15.5,2,1,19
72,Bryce Young,CAR,QB,16,39,253,6.5,26,3,0,15.8,2,0,18
73,Jordan Love,GB,QB,17,50,247,4.9,37,4,4,14.5,5,2,16
74,Chris Rodriguez Jr.,WSH,RB,13,51,247,4.8,16,0,2,19.0,1,1,14
75,Kyler Murray,ARI,QB,8,44,244,5.5,33,2,3,30.5,5,0,15
76,Dak Prescott,DAL,QB,17,55,242,4.4,22,1,2,14.2,2,1,21
77,Samaje Perine,DEN,RB,17,53,238,4.5,24,1,1,14.0,1,1,14
78,Justin Herbert,LAC,QB,13,52,228,4.4,35,2,3,17.5,1,0,16
79,Deebo Samuel Sr.,SF,WR,15,37,225,6.1,23,1,5,15.0,0,0,13
80,Clyde Edwards-Helaire,KC,RB,15,70,223,3.2,20,1,1,14.9,0,0,12
81,Dalvin Cook,NYJ,RB,15,67,214,3.2,14,0,0,14.3,2,2,10
82,Zach Wilson,NYJ,QB,12,36,211,5.9,20,2,0,17.6,4,3,7
83,Daniel Jones,NYG,QB,6,40,206,5.2,17,0,1,34.3,1,0,15
84,Jordan Mason,SF,RB,17,40,206,5.2,26,1,3,12.1,0,0,13
85,Tyrod Taylor,NYG,QB,11,38,197,5.2,31,2,0,17.9,3,0,10
86,Tommy DeVito,NYG,QB,9,36,195,5.4,26,1,1,21.7,2,1,7
87,Desmond Ridder,ATL,QB,15,53,193,3.6,23,1,5,12.9,6,3,18
88,Jeff Wilson Jr.,MIA,RB,10,41,188,4.6,15,0,0,18.8,0,0,8
89,Michael Carter,ARI/NYJ,RB,15,30,187,6.2,21,1,0,12.5,0,0,9
90,Cordarrelle Patterson,ATL,RB,14,50,181,3.6,18,0,0,12.9,1,0,9
91,Chase Brown,CIN,RB,12,44,179,4.1,31,2,0,14.9,1,0,6
92,Craig Reynolds,DET,RB,17,41,179,4.4,19,0,1,10.5,1,1,11
93,Rondale Moore,ARI,WR,17,28,178,6.4,45,2,1,10.5,0,0,5
94,Chase Edmonds,TB,RB,13,49,176,3.6,21,1,0,13.5,0,0,8
95,Nick Chubb,CLE,RB,2,28,170,6.1,20,1,0,85.0,0,0,8
96,Cam Akers,LAR/MIN,RB,7,60,167,2.8,19,0,2,23.9,0,0,12
97,C.J. Stroud,HOU,QB,15,39,167,4.3,16,0,3,11.1,2,1,18
98,Baker Mayfield,TB,QB,17,62,163,2.6,31,1,1,9.6,3,0,16
99,Trey Sermon,IND,RB,14,35,160,4.6,27,1,0,11.4,0,0,7
100,Kendre Miller,NO,RB,8,41,156,3.8,18,0,1,19.5,0,0,10
101,Geno Smith,SEA,QB,15,37,155,4.2,25,2,1,10.3,1,1,10
102,Matt Breida,NYG,RB,17,55,151,2.7,9,0,1,8.9,0,0,7
103,Easton Stick,LAC,QB,5,27,144,5.3,21,1,1,28.8,0,0,11
104,Brock Purdy,SF,QB,16,39,144,3.7,17,0,2,9.0,2,0,15
105,Deshaun Watson,CLE,QB,6,26,142,5.5,16,0,1,23.7,2,1,10
106,Patrick Taylor Jr.,GB,RB,11,32,141,4.4,24,1,0,12.8,0,0,7
107,Anthony Richardson,IND,QB,4,25,136,5.4,23,1,4,34.0,2,1,8
108,Ty Johnson,BUF,RB,10,30,132,4.4,13,0,0,13.2,1,0,8
109,Tank Bigsby,JAX,RB,17,50,132,2.6,12,0,2,7.8,1,1,12
110,Ronnie Rivers,LAR,RB,9,32,129,4.0,10,0,0,14.3,0,0,4
111,Jake Browning,CIN,QB,9,27,127,4.7,21,1,3,14.1,0,0,12
112,Taylor Heinicke,ATL,QB,5,15,124,8.3,24,1,1,24.8,1,0,5
113,Darrynton Evans,CHI/MIA,RB,7,32,121,3.8,13,0,1,17.3,0,0,10
114,Jayden Reed,GB,WR,16,11,119,10.8,32,3,2,7.4,0,0,6
115,CeeDee Lamb,DAL,WR,17,14,113,8.1,24,1,2,6.6,0,0,6
116,Darrell Henderson Jr.,LAR,RB,4,46,112,2.4,16,0,2,28.0,0,0,5
117,KaVontae Turpin,DAL,WR,16,11,110,10.0,46,2,1,6.9,1,0,5
118,Tyson Bagent,CHI,QB,5,23,109,4.7,20,1,2,21.8,1,0,11
119,D'Ernest Johnson,JAX,RB,17,41,108,2.6,19,0,0,6.4,0,0,5
120,Chris Brooks,MIA,RB,9,19,106,5.6,52,2,0,11.8,0,0,2
121,Derius Davis,LAC,WR,17,14,101,7.2,51,1,0,5.9,0,0,5
122,Gardner Minshew,IND,QB,17,34,100,2.9,23,1,3,5.9,2,0,7
123,Mac Jones,NE,QB,11,26,96,3.7,18,0,0,8.7,1,1,11
124,Isaiah Spiller,LAC,RB,9,37,96,2.6,8,0,0,10.7,0,0,1
125,Tony Jones Jr.,ARI/NO,RB,7,26,95,3.7,19,0,2,13.6,0,0,7
126,Damien Harris,BUF,RB,6,23,94,4.1,11,0,1,15.7,0,0,9
127,Ameer Abdullah,LV,RB,17,15,89,5.9,12,0,0,5.2,0,0,6
128,Puka Nacua,LAR,WR,17,12,89,7.4,31,1,0,5.2,0,0,5
129,Joe Burrow,CIN,QB,10,31,88,2.8,20,1,0,8.8,0,0,9
130,Tyler Goodson,IND,RB,6,13,87,6.7,31,1,0,14.5,0,0,4
131,Wan'Dale Robinson,NYG,WR,15,9,87,9.7,32,2,1,5.8,0,0,4
132,Boston Scott,PHI,RB,15,20,86,4.3,18,0,0,5.7,0,0,5
133,Emanuel Wilson,GB,RB,7,14,85,6.1,31,1,0,12.1,1,0,2
134,Bailey Zappe,NE,QB,10,17,83,4.9,18,0,1,8.3,0,0,6
135,Melvin Gordon III,BAL,RB,4,26,81,3.1,22,1,1,20.3,1,1,4
136,La'Mical Perine,KC,RB,5,22,77,3.5,10,0,0,15.4,0,0,3
137,Tre Tucker,LV,WR,16,10,77,7.7,34,1,0,4.8,0,0,4
138,Kalif Raymond,DET,WR,17,7,75,10.7,40,1,0,4.4,0,0,2
139,Ryan Tannehill,TEN,QB,10,17,74,4.4,23,1,1,7.4,2,0,4
140,Ihmir Smith-Marsette,CAR,WR,17,8,74,9.3,20,1,1,4.4,0,0,4
141,Tua Tagovailoa,MIA,QB,17,35,74,2.1,9,0,0,4.4,13,5,5
142,Keaontay Ingram,ARI,RB,8,35,74,2.1,14,0,0,9.3,0,0,4
143,Israel Abanikanda,NYJ,RB,6,22,70,3.2,12,0,0,11.7,0,0,3
144,Trayveon Williams,CIN,RB,17,15,69,4.6,15,0,0,4.1,0,0,2
145,Xavier Gipson,NYJ,WR,17,8,68,8.5,18,0,1,4.0,1,0,4
146,Matthew Stafford,LAR,QB,15,21,65,3.1,9,0,0,4.3,0,0,4
147,Dorian Thompson-Robinson,CLE,QB,8,14,65,4.6,12,0,0,8.1,1,0,4
148,Kevin Harris,NE,RB,4,16,65,4.1,18,0,1,16.3,0,0,2
149,Salvon Ahmed,MIA,RB,8,22,61,2.8,10,0,1,7.6,0,0,3
150,Jerick McKinnon,KC,RB,12,21,60,2.9,10,0,1,5.0,0,0,7
151,Calvin Austin III,PIT,WR,17,11,57,5.2,12,0,1,3.4,0,0,4
152,Will Levis,TEN,QB,9,25,57,2.3,11,0,1,6.3,2,2,7
153,Carson Wentz,LAR,QB,2,17,56,3.3,12,0,1,28.0,0,0,4
154,Deven Thompkins,TB,WR,17,8,56,7.0,17,0,0,3.3,0,0,4
155,Zay Flowers,BAL,WR,16,8,56,7.0,37,1,1,3.5,0,0,1
156,Tyler Huntley,BAL,QB,5,15,55,3.7,11,0,0,11.0,0,0,3
157,Laviska Shenault Jr.,CAR,WR,8,12,55,4.6,11,0,0,6.9,0,0,3
158,Mitchell Trubisky,PIT,QB,5,16,54,3.4,15,0,2,10.8,1,1,6
159,Kenny Pickett,PIT,QB,12,42,54,1.3,11,0,1,4.5,2,0,12
160,Marcus Mariota,PHI,QB,3,8,52,6.5,17,0,0,17.3,0,0,6
161,Velus Jones Jr.,CHI,WR,14,8,51,6.4,17,0,0,3.6,0,0,4
162,Tyquan Thornton,NE,WR,9,3,51,17.0,39,1,0,5.7,0,0,1
163,Tank Dell,HOU,WR,11,11,51,4.6,13,0,0,4.6,0,0,3
164,Xavier Hutchinson,HOU,WR,16,5,49,9.8,17,0,0,3.1,0,0,3
165,Eric Gray,NYG,RB,13,17,48,2.8,12,0,0,3.7,1,0,2
166,Raheem Blackshear,CAR,RB,12,14,46,3.3,9,0,0,3.8,0,0,1
167,Blaine Gabbert,KC,QB,2,7,45,6.4,25,1,0,22.5,0,0,2
168,Damien Williams,DAL,RB,3,11,43,3.9,9,0,0,14.3,0,0,1
169,Ke'Shawn Vaughn,TB,RB,6,24,42,1.8,9,0,0,7.0,0,0,0
170,DeMario Douglas,NE,WR,14,8,41,5.1,20,1,0,2.9,0,0,2
171,Tyler Scott,CHI,WR,17,7,41,5.9,16,0,0,2.4,0,0,2
172,Derek Carr,NO,QB,17,32,40,1.3,10,0,0,2.4,2,1,4
173,Trevor Siemian,NYJ,QB,5,11,40,3.6,13,0,0,8.0,1,1,5
174,Leonard Fournette,BUF,RB,2,12,40,3.3,9,0,0,20.0,0,0,2
175,Deuce Vaughn,DAL,RB,7,23,40,1.7,13,0,0,5.7,0,0,1
176,Jimmy Garoppolo,LV,QB,7,20,39,2.0,9,0,0,5.6,1,0,6
177,Chris Moore,TEN,WR,17,2,39,19.5,38,1,0,2.3,0,0,1
178,Curtis Samuel,WSH,WR,16,7,39,5.6,15,0,1,2.4,0,0,4
179,Chris Godwin,TB,WR,17,4,38,9.5,19,0,1,2.2,0,0,3
180,Rashid Shaheed,NO,WR,15,7,37,5.3,12,0,0,2.5,0,0,1
181,DeeJay Dallas,SEA,RB,17,10,36,3.6,8,0,0,2.1,0,0,2
182,Brandin Cooks,DAL,WR,16,5,35,7.0,14,0,0,2.2,0,0,1
183,C.J. Beathard,JAX,QB,7,8,35,4.4,19,0,0,5.0,1,0,2
184,Dare Ogunbowale,HOU,RB,12,8,35,4.4,17,0,0,2.9,0,0,2
185,Marquise Goodwin,CLE,WR,12,4,33,8.3,20,1,0,2.8,0,0,2
186,Jeff Driskel,CLE,QB,1,7,33,4.7,13,0,0,33.0,0,0,4
187,Rashaad Penny,PHI,RB,3,11,33,3.0,7,0,0,11.0,0,0,1
188,Lynn Bowden Jr.,NO,WR,15,5,32,6.4,29,1,0,2.1,1,0,3
189,Brandon Bolden,LV,RB,17,4,31,7.8,26,1,1,1.8,0,0,2
190,Kadarius Toney,KC,WR,13,11,31,2.8,14,0,0,2.4,0,0,2
191,Tutu Atwell,LAR,WR,16,5,31,6.2,22,1,0,1.9,0,0,2
192,PJ Walker,CLE,QB,6,13,30,2.3,9,0,0,5.0,1,0,3
193,Ray-Ray McCloud III,SF,WR,12,3,30,10.0,15,0,0,2.5,0,0,2
194,Clayton Tune,ARI,QB,7,8,30,3.8,11,0,1,4.3,1,0,3
195,Marvin Mims Jr.,DEN,WR,16,9,30,3.3,11,0,0,1.9,0,0,2
196,Jameson Williams,DET,WR,12,3,29,9.7,19,0,1,2.4,0,0,1
197,Khari Blasingame,CHI,FB,16,8,26,3.3,6,0,0,1.6,0,0,0
198,Derrick Gore,WSH,RB,6,3,26,8.7,23,1,0,4.3,0,0,1
199,Kirk Cousins,MIN,QB,8,14,25,1.8,10,0,0,3.1,3,1,6
200,Nick Mullens,MIN,QB,5,10,25,2.5,6,0,0,5.0,0,0,4
201,Jakobi Meyers,LV,WR,16,4,24,6.0,17,0,2,1.5,0,0,3
202,Amon-Ra St. Brown,DET,WR,16,4,24,6.0,11,0,0,1.5,0,0,2
203,Demarcus Robinson,LAR,WR,16,1,23,23.0,23,1,0,1.4,0,0,1
204,Mike Boone,HOU,RB,9,5,23,4.6,11,0,0,2.6,1,0,2
205,Calvin Ridley,JAX,WR,17,9,23,2.6,18,0,0,1.4,0,0,3
206,Marquise Brown,ARI,WR,14,2,23,11.5,29,1,0,1.6,0,0,1
207,Skyy Moore,KC,WR,14,3,23,7.7,11,0,0,1.6,0,0,1
208,Sean Tucker,TB,RB,11,15,23,1.5,7,0,0,2.1,0,0,1
209,J.K. Dobbins,BAL,RB,1,8,22,2.8,4,0,1,22.0,0,0,1
210,Erik Ezukanma,MIA,WR,2,5,22,4.4,12,0,0,11.0,0,0,1
211,Trey Palmer,TB,WR,17,3,22,7.3,13,0,0,1.3,0,0,1
212,Jared Goff,DET,QB,17,32,21,0.7,11,0,2,1.2,2,2,5
213,DJ Moore,CHI,WR,17,4,21,5.3,16,0,1,1.2,0,0,1
214,Malik Willis,TEN,QB,3,5,21,4.2,11,0,0,7.0,1,1,1
215,Bo Melton,GB,WR,5,3,21,7.0,12,0,0,4.2,0,0,2
216,Tyrion Davis-Price,SF,RB,1,6,21,3.5,15,0,0,21.0,0,0,1
217,Jacoby Brissett,WSH,QB,3,3,19,6.3,10,0,0,6.3,0,0,0
218,Brett Rypien,LAR,QB,2,3,19,6.3,8,0,0,9.5,2,1,1
219,Gary Brightwell,NYG,RB,7,9,19,2.1,5,0,0,2.7,0,0,0
220,Hunter Luepke,DAL,RB,17,6,19,3.2,9,0,1,1.1,0,0,5
221,Zach Evans,LAR,RB,10,9,19,2.1,5,0,0,1.9,0,0,0
222,DeAndre Carter,LV,WR,17,3,18,6.0,15,0,0,1.1,0,0,2
223,Rashod Bateman,BAL,WR,16,1,18,18.0,18,0,0,1.1,0,0,1
224,George Pickens,PIT,WR,17,3,18,6.0,16,0,0,1.1,0,0,2
225,Treylon Burks,TEN,WR,11,5,18,3.6,9,0,0,1.6,0,0,0
226,Brandon Powell,MIN,WR,17,5,17,3.4,9,0,0,1.0,0,0,1
227,Jalen Reagor,NE,WR,11,1,17,17.0,17,0,0,1.5,0,0,1
228,Deon Jackson,IND/CLE/NYG,RB,4,14,16,1.1,7,0,0,4.0,1,1,1
229,Tyreek Hill,MIA,WR,16,6,15,2.5,14,0,0,0.9,0,0,2
230,Sam Darnold,SF,QB,10,21,15,0.7,9,0,1,1.5,1,0,3
231,Devin Duvernay,BAL,WR,13,4,15,3.8,8,0,0,1.2,0,0,0
232,Isaiah McKenzie,IND,WR,13,3,14,4.7,7,0,0,1.1,0,0,0
233,Drew Lock,SEA,QB,4,5,14,2.8,11,0,0,3.5,0,0,1
234,Jaren Hall,MIN,QB,3,6,14,2.3,8,0,0,4.7,0,0,0
235,Kene Nwangwu,MIN,RB,9,5,13,2.6,8,0,0,1.4,0,0,0
236,Charlie Jones,CIN,WR,11,2,13,6.5,7,0,0,1.2,0,0,1
237,Zonovan Knight,DET,RB,2,3,13,4.3,8,0,0,6.5,0,0,0
238,Andy Dalton,CAR,QB,3,3,12,4.0,10,0,0,4.0,0,0,2
239,Adam Prentice,NO,FB,13,2,12,6.0,7,0,0,0.9,1,1,1
240,Chris Evans,CIN,RB,8,2,12,6.0,7,0,0,1.5,0,0,0
241,Jaylen Waddle,MIA,WR,14,3,12,4.0,12,0,0,0.9,0,0,1
242,Tyler Boyd,CIN,WR,17,2,11,5.5,6,0,0,0.6,0,0,1
243,Braxton Berrios,MIA,WR,16,1,11,11.0,11,0,0,0.7,0,0,1
244,Jonathan Ward,TEN,RB,8,3,11,3.7,8,0,0,1.4,0,0,1
245,Christian Watson,GB,WR,9,4,11,2.8,13,0,0,1.2,0,0,1
246,Keisean Nixon,GB,CB,17,1,11,11.0,11,0,0,0.6,0,0,1
247,Aidan O'Connell,LV,QB,11,17,11,0.6,3,0,1,1.0,1,0,7
248,Elijah Moore,CLE,WR,17,9,11,1.2,19,0,0,0.6,1,1,2
249,Gerald Everett,LAC,TE,15,3,10,3.3,6,0,0,0.7,0,0,0
250,Jake Funk,IND,RB,4,2,10,5.0,7,0,0,2.5,0,0,0
251,Blake Gillikin,ARI,P,13,1,10,10.0,10,0,0,0.8,0,0,1
252,Khalil Shakir,BUF,WR,17,1,10,10.0,10,0,0,0.6,0,0,1
253,DeAndre Hopkins,TEN,WR,17,2,9,4.5,5,0,0,0.5,0,0,0
254,Michael Burton,DEN,FB,17,7,9,1.3,4,0,0,0.5,0,0,4
255,Ty Montgomery II,NE,WR,13,3,9,3.0,7,0,0,0.7,0,0,0
256,Ben Skowronek,LAR,WR,17,2,9,4.5,11,0,0,0.5,0,0,1
257,Davis Mills,HOU,QB,6,2,9,4.5,9,0,0,1.5,0,0,0
258,Quentin Johnston,LAC,WR,17,3,9,3.0,6,0,0,0.5,0,0,0
259,Mason Rudolph,PIT,QB,4,10,8,0.8,7,0,0,2.0,1,0,4
260,Jarrett Stidham,DEN,QB,3,9,8,0.9,4,0,0,2.7,1,0,1
261,Harrison Bryant,CLE,TE,17,5,8,1.6,2,0,0,0.5,1,1,4
262,Cedric Tillman,CLE,WR,14,1,8,8.0,8,0,0,0.6,0,0,0
263,Robert Woods,HOU,WR,14,1,7,7.0,7,0,0,0.5,0,0,0
264,C.J. Ham,MIN,FB,17,1,7,7.0,7,0,0,0.4,0,0,0
265,Nico Collins,HOU,WR,15,1,7,7.0,7,0,0,0.5,0,0,0
266,Keenan Allen,LAC,WR,13,2,6,3.0,4,0,0,0.5,0,0,1
267,Kyle Juszczyk,SF,FB,17,5,6,1.2,3,0,0,0.4,0,0,2
268,Adam Thielen,CAR,WR,17,1,6,6.0,6,0,0,0.4,0,0,0
269,Sterling Shepard,NYG,WR,15,1,6,6.0,6,0,0,0.4,0,0,0
270,Logan Woodside,ATL,QB,1,1,6,6.0,6,0,0,6.0,0,0,0
271,Christian Kirk,JAX,WR,12,1,6,6.0,6,0,0,0.5,0,0,0
272,Joshua Palmer,LAC,WR,11,1,6,6.0,6,0,0,0.5,0,0,0
273,Elijah Dotson,LAC,RB,4,4,6,1.5,2,0,0,1.5,0,0,0
274,Chigoziem Okonkwo,TEN,TE,17,2,6,3.0,4,0,0,0.4,0,0,1
275,Stefon Diggs,BUF,WR,17,1,5,5.0,5,0,0,0.3,0,0,1
276,Tim Boyle,NYJ,QB,3,4,5,1.3,2,0,0,1.7,1,0,3
277,Devine Ozigbo,DET,RB,3,3,5,1.7,4,0,0,1.7,0,0,1
278,Greg Dortch,ARI,WR,16,1,5,5.0,5,0,0,0.3,0,0,0
279,Darnell Mooney,CHI,WR,15,2,5,2.5,3,0,0,0.3,0,0,0
280,Dee Eskridge,SEA,WR,4,2,5,2.5,10,0,0,1.3,0,0,1
281,Kendrick Bourne,NE,WR,8,1,4,4.0,4,0,0,0.5,0,0,1
282,Nick Bawden,NYJ,FB,16,2,4,2.0,3,0,1,0.3,0,0,1
283,Van Jefferson,ATL/LAR,WR,17,1,4,4.0,4,0,0,0.2,0,0,0
284,Sam LaPorta,DET,TE,17,1,4,4.0,4,0,0,0.2,0,0,0
285,John Metchie III,HOU,WR,16,1,4,4.0,4,0,0,0.3,0,0,0
286,Jalen Reeves-Maybin,DET,LB,17,2,3,1.5,3,0,0,0.2,0,0,1
287,Mike Williams,LAC,WR,3,1,3,3.0,3,0,0,1.0,0,0,0
288,Andrew Beck,HOU,FB,15,5,3,0.6,2,0,1,0.2,0,0,2
289,Ashtyn Davis,NYJ,S,17,2,3,1.5,4,0,0,0.2,0,0,1
290,Mecole Hardman,KC/NYJ,WR,11,1,3,3.0,3,0,0,0.3,0,0,0
291,Jake Bobo,SEA,WR,17,1,3,3.0,3,0,1,0.2,0,0,1
292,Joe Flacco,CLE,QB,5,9,2,0.2,3,0,0,0.4,1,0,3
293,Logan Thomas,WSH,TE,16,1,2,2.0,2,0,0,0.1,0,0,1
294,George Kittle,SF,TE,16,1,2,2.0,2,0,0,0.1,0,0,1
295,Ezekiel Turner,ARI,LB,16,1,2,2.0,2,0,0,0.1,0,0,1
296,Amani Hooker,TEN,S,13,1,2,2.0,2,0,0,0.2,0,0,1
297,Kylen Granson,IND,TE,15,1,2,2.0,2,0,0,0.1,0,0,1
298,James Robinson,GB,RB,1,1,2,2.0,2,0,0,2.0,0,0,0
299,Cole Kmet,CHI,TE,17,3,2,0.7,1,0,0,0.1,0,0,2
300,Jordan Addison,MIN,WR,17,1,2,2.0,2,0,0,0.1,0,0,0
301,Case Keenum,HOU,QB,2,2,1,0.5,1,0,0,0.5,1,0,0
302,Dallas Goedert,PHI,TE,14,1,1,1.0,1,0,0,0.1,0,0,0
303,Steven Sims,HOU,WR,3,1,1,1.0,1,0,0,0.3,0,0,0
304,Noah Gray,KC,TE,17,1,1,1.0,1,0,0,0.1,0,0,0
305,Jashaun Corbin,NYG,RB,6,1,1,1.0,1,0,0,0.2,0,0,1
306,Dontayvion Wicks,GB,WR,15,1,1,1.0,1,0,0,0.1,0,0,0
307,Evan Hull,IND,RB,1,1,1,1.0,1,0,0,1.0,0,0,0
308,Tress Way,WSH,P,17,1,0,0.0,0,0,0,0.0,0,0,0
309,Kenyan Drake,GB,RB,3,2,0,0.0,0,0,0,0.0,0,0,0
310,KhaDarel Hodge,ATL,WR,17,1,0,0.0,0,0,0,0.0,1,0,0
311,Jonnu Smith,ATL,TE,17,1,0,0.0,0,0,0,0.0,0,0,0
312,Jason Cabinda,DET,FB,4,1,0,0.0,0,0,0,0.0,0,0,0
313,Mark Andrews,BAL,TE,10,1,0,0.0,0,0,0,0.0,0,0,0
314,Tyler Conklin,NYJ,TE,17,1,0,0.0,0,0,0,0.0,0,0,0
315,Alec Ingold,MIA,FB,17,2,0,0.0,0,0,0,0.0,0,0,0
316,Nick Niemann,LAC,LB,17,1,0,0.0,0,0,0,0.0,1,0,0
317,Connor Heyward,PIT,TE,17,1,0,0.0,0,0,0,0.0,0,0,0
318,Peyton Hendershot,DAL,TE,8,1,0,0.0,0,0,0,0.0,0,0,0
319,Dyami Brown,WSH,WR,17,1,0,0.0,0,0,0,0.0,0,0,0
320,Deonte Harty,BUF,WR,16,4,0,0.0,4,0,0,0.0,0,0,0
321,Rakim Jarrett,TB,WR,10,1,0,0.0,0,0,0,0.0,0,0,0
322,Ty Zentner,HOU/TEN,P,9,1,0,0.0,0,0,0,0.0,1,0,0
323,Garrett Wilson,NYJ,WR,17,4,0,0.0,6,0,0,0.0,0,0,1
324,Noah Brown,HOU,WR,10,1,-1,-1.0,-1,0,0,-0.1,0,0,0
325,Kyle Trask,TB,QB,2,1,-1,-1.0,-1,0,0,-0.5,0,0,0
326,Teddy Bridgewater,DET,QB,1,2,-2,-1.0,-1,0,0,-2.0,0,0,0
327,Jonathan Williams,WSH,RB,1,1,-2,-2.0,-2,0,0,-2.0,0,0,0
328,Trent Taylor,CHI,WR,17,1,-2,-2.0,-2,0,0,-0.1,0,0,0
329,Jamal Agnew,JAX,WR,11,4,-2,-0.5,1,0,0,-0.2,0,0,0
330,Gabe Davis,BUF,WR,17,1,-2,-2.0,-2,0,0,-0.1,0,0,0
331,Sean Clifford,GB,QB,2,3,-2,-0.7,0,0,0,-1.0,1,0,0
332,Brian Hoyer,LV,QB,3,3,-3,-1.0,-1,0,0,-1.0,0,0,0
333,Matt Barkley,JAX,QB,1,3,-3,-1.0,-1,0,0,-3.0,0,0,0
334,Cooper Kupp,LAR,WR,12,1,-3,-3.0,-3,0,0,-0.3,0,0,0
335,Rashee Rice,KC,WR,16,1,-3,-3.0,-3,0,0,-0.2,0,0,0
336,Nathan Peterman,CHI,QB,2,2,-4,-2.0,-2,0,0,-2.0,0,0,0
337,Kyle Pitts,ATL,TE,17,1,-4,-4.0,-4,0,0,-0.2,0,0,0
338,Cooper Rush,DAL,QB,7,12,-5,-0.4,6,0,0,-0.7,0,0,1
339,Jameis Winston,NO,QB,7,5,-6,-1.2,-1,0,0,-0.9,0,0,0
340,Ja'Marr Chase,CIN,WR,16,3,-6,-2.0,2,0,0,-0.4,0,0,0
341,Mike White,MIA,QB,6,8,-9,-1.1,0,0,0,-1.5,1,1,0
342,Johnny Hekker,CAR,P,17,1,-11,-11.0,-11,0,0,-0.6,1,1,0
343,Ryan Stonehouse,TEN,P,12,1,-11,-11.0,-11,0,0,-0.9,1,1,0
344,Justin Jefferson,MIN,WR,10,1,-12,-12.0,-12,0,0,-1.2,0,0,0
345,Kyle Allen,BUF,QB,7,13,-13,-1.0,0,0,0,-1.9,0,0,0
346,Cameron Johnston,HOU,P,13,1,-23,-23.0,-23,0,0,-1.8,0,0,0
